カーリングＷ杯 女子日本代表のロコ・ソラーレが初優勝,2018年12月10日,今シーズンから新しく始まったカーリングのワールドカップの第２戦がアメリカで行われ、女子の日本代表として出場したロコ・ソラーレが決勝で韓国に勝って、ワールドカップで初めて優勝しました。カーリングのワールドカップは今シーズンから新しく始まった大会で、世界ランキングの上位チームなど合わせて８チームが出場します。女子の日本代表は、ことし２月にピョンチャンオリンピックで銅メダルを獲得したロコ・ソラーレで、アメリカのネブラスカ州で行われた第２戦で９日の決勝に臨み、先月のパシフィックアジア選手権で敗れた韓国と対戦しました。ロコ・ソラーレは２点リードの第２エンドに４点を失って逆転され、その後は点を取り合う展開になりました。１点を追う最終の第８エンドは不利な先攻ながら２点をスチールして逆転し、７対６で勝ってワールドカップで初めて優勝しました。ワールドカップの第３戦は来年１月から２月にかけてスウェーデンで行われ、それぞれの優勝チームなどが来年５月に中国の北京で行われるグランドファイナルに出場します。
証券取引等監視委員会がゴーン前会長らを告発,2018年12月10日,日産自動車のカルロス・ゴーン前会長（64）について証券取引等監視委員会は有価証券報告書にみずからの報酬を50億円余り少なく記載していたとしてグレッグ・ケリー前代表取締役（62）や法人としての日産とともに金融商品取引法違反の疑いで東京地検特捜部に刑事告発しました。特捜部は10日、ゴーン前会長らを起訴するものとみられます。関係者によりますと調べに対しゴーン前会長らは「退任後の報酬は正式には決まっていなかった」などと供述し、いずれも容疑を否認しているということです。
福島 猪苗代町のスキー場が２週間遅れでオープン,2018年12月10日,雪不足でオープンが遅れていた福島県猪苗代町のスキー場はここ数日の積雪でゲレンデで滑れるようになり10日、予定より２週間以上遅れてオープンしました。
北海道 桧山地方で竜巻発生か,2018年12月10日,気象庁は、北海道の桧山地方で竜巻などの突風が発生したと見られるとして、さきほど午後０時36分、「竜巻注意情報」を発表しました。気象庁によりますと、北海道の桧山地方では竜巻などの突風が発生したとみられます。桧山地方では竜巻などの激しい突風がさらに発生するおそれが非常に高くなっています。竜巻などの突風は、発達した積乱雲が近づいたときに発生します。気象庁は、雷や急な風の変化、それに「ひょう」が降るなど、積乱雲が近づく兆しがある場合は突風に十分注意し、頑丈な建物などの中で安全を確保するよう呼びかけています。
灯台にサンタと雪だるまの飾りつけ「ほっこりして」福岡,2018年12月10日,福岡市の博多港の沖合にある灯台に、恒例のサンタクロースと雪だるまの飾りつけが完成し、クリスマス気分を盛り上げています。博多港の中央ふ頭の沖、およそ２キロの防波堤にある赤い灯台では、福岡海上保安部の職員たちが手作りのひげや眉を付けて、サンタクロースの格好になりました。その向かいある白い灯台では、雪だるまの装飾が施され、出港する船の安全を祈ることを意味する国際信号旗が掲げられています。飾りつけは、平成17年の福岡県西方沖地震のあと、港を行き交う人たちを元気づけようと始まり、ことしは、明治元年に日本初の洋式灯台の建設が始まってから150年の節目を迎えることから記念の横断幕も掲げられています。福岡海上保安部の田村浩太交通課長は「サンタ灯台を見て、港を利用する人たちがほっこりした気持ちになってもらえればと思います」と話していました。サンタクロースと雪だるまの飾りつけは、クリスマスの今月25日まで見ることができます。
20歳女性の遺体遺棄容疑で27歳男を逮捕 警視庁,2018年12月10日,東京 練馬区に住む専門学校生の20歳の女性とみられる遺体を福島県いわき市まで車で運んで遺棄したとして、27歳の男が警視庁に逮捕されました。警視庁は、女性と男との関係や、女性が死亡した経緯についても調べています。逮捕されたのは、住所不定の無職、熊澤義信容疑者（27）です。警視庁によりますと、今月３日から９日にかけて、東京練馬区平和台の建物から女性の遺体を運び出し、乗用車の後部座席に乗せて福島県いわき市まで運んで遺棄した疑いが持たれています。この建物は専門学校の学生寮として使われていたということで、警視庁は、女性はここに住む専門学校生の谷口夏希さん（20）とみて、確認を進めています。警視庁によりますと、熊澤容疑者の車はいわき市内の健康ランドの駐車場で見つかり、捜査員が職務質問したところ、後部座席から布団をかけられた状態の女性の遺体が見つかったということです。警視庁の調べに対し、熊澤容疑者は「間違いありません」と供述し、容疑を認めているということです。警視庁は、女性と熊澤容疑者との関係や、女性が死亡した経緯についても調べています。
大リーグ 移籍交渉始まる 西武 菊池の交渉に注目,2018年12月10日,大リーグの球団幹部や選手の代理人などが集まって選手の移籍交渉などを行うウインターミーティングが９日からアメリカのラスベガスで始まり、大リーグ挑戦を目指す西武の菊池雄星投手の移籍交渉が進展するか注目されます。毎年12月に開催されるウインターミーティングは、ことしはネバダ州ラスベガスのリゾートホテルで開催され、今月13日までの期間中、各球団や選手の代理人は、用意したホテルの部屋などで選手の移籍交渉を集中的に行います。初日となった９日は、マリナーズやエンジェルスなどの球団幹部が次々と現地に入り、大リーグ挑戦を目指す西武の菊池投手の代理人を務めるスコット・ボラス氏も移籍交渉を行うホテルに入りました。菊池投手はポスティングシステムを使って代理人を通じた移籍交渉を行っていて、大リーグのすべての球団と交渉を行える期限は来年の１月２日までとなっています。大リーグの移籍市場ではこれまでに、交渉に時間がかかると見られていた有力な選手たちの移籍先が次々と決まっていて、菊池投手の移籍交渉にも進展があるか注目されます。
自民 二階幹事長 高血圧症状で検査入院,2018年12月10日,インフルエンザと診断され、療養していた自民党の二階幹事長は、高血圧の症状がみられたため、10日、東京都内の病院に検査入院しました。自民党の二階幹事長は、先週、インフルエンザと診断されたため、党務を控えて自宅で療養していました。自民党によりますと、その後、熱は下がって回復したということですが、病院での診察で、高血圧の症状がみられたため、10日、東京都内の病院に検査入院したということです。このため、二階氏は、10日も衆議院本会議を欠席しました。二階氏の入院は１週間程度の予定で、「人間ドック」も受けるということです。
循環器病対策基本法成立 国などは心臓病や脳卒中の予防対策へ,2018年12月10日,日本人の死因でがんに次いで多い、心臓病や脳卒中などを予防するため、国や自治体に対し、生活習慣の改善にむけた対策や、医療体制の整備などを求める、「循環器病対策基本法」が、10日の衆議院本会議で、全会一致で可決され、成立しました。厚生労働省によりますと、心臓病や脳卒中などの循環器の病気は、喫煙や過度な飲酒、運動不足など生活習慣を見直すことで発症のリスクを下げられますが、患者は増加傾向にあり、日本人の死因では、がんに次いで多くなっています。このため、「循環器病対策基本法」では、国や自治体などに対し、病気の予防に向け、生活習慣の改善の呼びかけや高血圧などの影響を周知するほか、地域にかかわらず、患者を迅速に搬送し、医療機関で必要な措置が受けられる医療体制の整備や、救急救命士や医療関係者らへの研修などに取り組むよう求めています。そのうえで、こうした内容を盛り込んだ基本計画を策定し、少なくとも６年ごとに、見直しを検討するよう義務づけています。法律は10日の衆議院本会議で採決が行われ、全会一致で可決され、成立しました。
“世界最大のテューバ合奏” 835人がクリスマス曲を演奏,2018年12月10日,クリスマス気分を盛り上げようとアメリカで800人を超すテューバ奏者がおなじみの曲を合奏するユニークなイベントが開かれ、子どもからお年寄りまで集まったテューバ自慢が迫力ある重低音を響かせました。「テューバ・クリスマス」と名付けられたユニークな演奏会は、アメリカ中西部ミズーリ州のカンザスシティーにある交響楽団が開きました。今月７日、市の公共施設にはアメリカ各地からテューバ奏者ばかり835人が集まりました。地元メディアによりますと、参加したのは、11歳の子どもから86歳のお年寄りまで幅広く、１時間にわたって「きよしこの夜」などおなじみのクリスマスの曲を、迫力ある重低音で響かせました。テューバ奏者ばかりを集めた合奏はこれまでおよそ500人が最高で今回の演奏会は「世界最大のテューバ合奏」として、ギネス世界記録に認定されました。
ガスト プラスチック製ストロー きょうから廃止,2018年12月10日,プラスチックごみによる海などの環境汚染が問題となる中、ファミリーレストランの「ガスト」は、10日からすべての店舗で、プラスチック製ストローの提供をやめました。
政府 通信機器調達でリスク考慮「ファーウェイ」事実上排除か,2018年12月10日,中国の通信機器大手「ファーウェイ」の幹部が逮捕される中、政府は、通信機器を調達する際、安全保障上のリスクも考慮して総合的に評価することを申し合わせました。政府は、特定の企業を排除するものではないとしていますが、「ファーウェイ」などが事実上、排除される見通しです。中国の通信機器大手「ファーウェイ」の幹部がアメリカの要請でカナダで逮捕されたことに、中国が強く反発するなど、アメリカと中国の間で対立が深まっています。こうした中、政府は10日、総理大臣官邸で、各府省庁の情報セキュリティーの責任者らを集めた会議を開き、サイバー攻撃による情報漏えいのリスクを避けるため、通信機器を調達する際の手続きを改めることを申し合わせました。具体的には、調達価格のみを基準としてきた従来の内規に加えて、来年度から、機器の開発や製造過程で悪意のある機能が組み込まれていないかなど、安全保障上のリスクも考慮して、総合的に評価するとしています。また、今年度までに調達した通信機器については、今後、安全保障上のリスクがあるかを点検するとしています。政府は、今回の見直しについて、特定の企業を排除するものではないとしていますが、政府関係者は「ファーウェイ」や「ＺＴＥ」は、事実上、排除されることになるだろうと話しています。
産業革新投資機構 田中社長ら９人の取締役 辞任の意向表明,2018年12月10日,「産業革新投資機構」の田中正明社長は記者会見し、社長を含む９人の取締役が辞任する意向を表明するとともに経済産業省の対応を厳しく非難しました。産業革新投資機構の田中社長は午後１時から都内で記者会見し、みずからと、取締役会議長で「コマツ」の坂根正弘相談役ら、民間から就任した合わせて９人の取締役が辞任する意向であることを明らかにしました。田中社長は辞任の理由について、「わたしたちはわが国の産業金融を強化するために集まった。しかし、経産省の姿勢の変化で私どもが共感した目的を達成することが実務的に困難になった」と述べました。田中社長は役員報酬が高額だとして、経済産業省が機構側といったん合意した内容を撤回したことについて「私たちは誰一人、お金のためにやっていない。国の将来のためにわれわれが身につけた金融や投資の知見を差し出した。仮に当初、提示された金額が１円だったとしても引き受けた」と述べました。そのうえで田中社長は「『日本国政府の高官が書面で約束した契約を後日、一方的に破棄し、さらに取締役会の議決を恣意的（しいてき）に無視する』という行為は日本が法治国家でないことを示している」と述べて、経済産業省の対応を厳しく非難しました。また、自身の責任について、「私の責任は大変感じている。取締役は皆、大変な仕事をしている中で、それを辞めて、志のもとに集まっていただいた。そうしたことを主導した責任は重い。残務処理をしっかりしたうえで去って行く」と述べました。「産業革新投資機構」は、第１号の案件として、最先端のバイオ医薬品などを開発するベンチャー企業に投資するファンドをアメリカで設立することを決めていましたが、これについて、田中社長は「このファンドは清算する」と述べました。田中社長らとともに辞任する産業革新投資機構の坂根正弘取締役会議長は、辞任の理由について、「信頼関係が修復困難な状況の中で、今後、取締役会議長としてガバナンスを遂行することに確信がもてなくなった」とするコメントを発表しました。また、アメリカでの設立を決めた第１号ファンドが清算される見通しになったことを挙げて、「人材確保と意思決定スピードが勝負を決める米国社会で成功を期待することは難しく、私が失望したのは、この点にある」としています。ことし９月に発足した産業革新投資機構は２兆円規模の資金を持ちベンチャー企業の育成などが期待されていましたが、役員報酬などをめぐって経済産業省との関係が悪化し、発足からわずか２か月半で経営陣のほとんどが辞任を表明する異例の展開となりました。
顧客のクレジットカード情報2000件余流出 一部不正使用か,2018年12月10日,京都市の企業が運営する通販サイトが不正アクセスを受けて顧客のクレジットカード2000件余りの情報が流出したおそれがあり、一部は不正使用されていることがわかりました。情報流出が明らかになったのは、人気ゲームのキャラクターグッズなどの通販サイトを運営する京都市下京区の「エディットモード」です。会社側の説明によりますと、ことし３月以降、何者かがサイトに不正なプログラムを仕込み、決済の際に顧客が入力したクレジットカード番号などの情報を外部に送信していたおそれがあるということです。ことし７月に、カード会社から指摘を受けて発覚するまでの間に、このサイトで顧客が入力したカードの情報は2169件に上っていて、流出後にカードが不正使用されたケースもあるということです。ことし１月にサイトを更新した際、不正アクセスへの対策が十分でなかったということで、会社は警察に被害届を出すとともに顧客に謝罪しました。また、問題の通販サイトはすでに閉鎖して別のサイトで業務を行っているということです。エディットモードは「事態の調査のため公表まで時間がかかったことをおわびします。事態を厳粛に受け止め再発防止を図ってまいります」とコメントしています。
ソフトバンク戦力外の寺原 ヤクルトと契約「必ず恩返し」,2018年12月10日,プロ野球ソフトバンクを戦力外となった17年目のベテラン、寺原隼人投手がヤクルトと契約を結び、「野球をやらせてもらえるチャンスをいただいたので、必ず恩返しをしないといけない」と意気込みを話しました。35歳の寺原投手は宮崎 日南学園での高校時代、甲子園で当時最速となる154キロをマークして注目を集めました。平成13年のドラフト１巡目でソフトバンクの前身のダイエーに入団したあと、横浜、今のＤｅＮＡからオリックス、そしてソフトバンクに戻り、これまでにプロ17年間で通算71勝を挙げています。今シーズンは中継ぎで21試合に登板しましたが、若返りを目指すソフトバンクの戦力構想から外れていました。寺原投手は投手陣の強化を図りたいヤクルトと交渉を進め、10日、契約を結びました。年俸は推定で2200万円、背番号は「35」に決まりました。寺原投手は「もう１回、野球をやらせてもらえるチャンスをいただいたので、必ず恩返しないといけない」と意気込みを話しました。そのうえで、４球団目となるヤクルトでのプレーについて、「先発でも中継ぎでも任されたところで頑張りたい。いろんなチームでいろんな経験をしているので、それをフル活用したい。結果を出してチームに貢献することしか頭にない」と話していました。
ゴーン前会長らを起訴 東京地検特捜部,2018年12月10日,日産自動車の、カルロス・ゴーン前会長について東京地検特捜部は有価証券報告書にみずからの報酬を50億円余り少なく記載していたとして金融商品取引法違反の罪で起訴し法人としての日産も合わせて起訴しました。また特捜部は昨年度までの直近の３年間でもみずからの報酬を少なく記載していた疑いでゴーン前会長らを再逮捕するものとみられます。起訴されたのは日産自動車の会長だったカルロス・ゴーン被告（64）と代表取締役だったグレッグ・ケリー被告（62）、それに法人としての日産自動車です。東京地検特捜部によりますとゴーン前会長らは平成26年度までの５年間、有価証券報告書にみずからの報酬を50億円余り少なく記載していたとして金融商品取引法違反の罪に問われています。関係者によりますとゴーン前会長は高額の報酬への批判を避けるため実際の報酬との差額を退任後に受け取ることにし、実際の報酬額が記されたとみられる一部の文書にはゴーン前会長がみずからサインしていたということです。退任後の報酬に関する別の文書には西川廣人社長のサインもあったということで、特捜部は長年にわたる巨額のうその記載を許した責任は重いと判断し法人としての日産も起訴しました。また特捜部はゴーン前会長が昨年度までの直近の３年間でもみずからの報酬を少なく記載していた疑いがあるとして、10日、ゴーン前会長とケリー前代表取締役を再逮捕するものとみられます。関係者によりますとゴーン前会長とケリー前代表取締役は「退任後の報酬は正式には決まっていなかった」などと供述し、いずれも容疑を否認しているということです。
ＯＥＣＤ「移民の技能 積極的に活用を」,2018年12月10日,移民への対応が世界的に課題となる中、ＯＥＣＤ＝経済協力開発機構などは報告書で、「自身の技能に見合った職に就けていない移民が多く、社会への統合が阻まれている」として、移民の持つ技能を積極的に活用することが必要だと指摘しました。ＯＥＣＤとＥＵ＝ヨーロッパ連合は、移民への対応を話し合う国際会議がモロッコで始まるのを前に、９日、加盟国の移民をめぐる現状についてまとめた報告書を共同で発表しました。報告書では、大学卒業程度の教育を受けた移民の割合が加盟各国で増えている一方で、こうした移民のうち「45％にあたるおよそ2000万人は、自身の技能に見合った職に就けていなかったり失業していたりして、相対的な貧困が広がっている」と指摘しています。また、人種や国籍を理由にした差別もあるとして、「移民の持つ潜在能力が生かされず、経済成長や社会への統合が阻まれている」としています。ＯＥＣＤで雇用問題を担当するスカルペッタ氏は９日、「移民を受け入れる国は、移民が祖国で積んだ経験や資格を認めることが重要だ」と述べて、移民の持つ技能を積極的に活用するよう各国に呼びかけました。
「スワンボート」でタイムを競う 埼玉 毛呂山町,2018年12月10日,白鳥の形をした小型のボート「スワンボート」でタイムを競うユニークなレースが埼玉県毛呂山町で開かれました。このレースは桜や紅葉の名所として知られる毛呂山町の観光スポット、鎌北湖をＰＲしようと町の観光協会が初めて開き、地元の中学生や都内の自転車愛好家などおよそ50人が参加しました。レースは男性のみのペア、女性のみのペア、男女のペアの３つの部門に分かれて行われ、100メートル地点で折り返してスタート地点に戻ってくるコースでタイムを競いました。参加した人たちは息を合わせながら力いっぱいにペダルをこいでいましたが、折り返し地点ではかじを取るのが難しく、大きく外側に膨らんでしまい立往生するペアの姿も見られました。また、ゴール間際では熱戦を繰り広げる場面が見られ、湖畔からは地元の人などが盛んに声援を送るなどして楽しんでいました。参加した40代の男性は「自慢の脚力を発揮してゴールしたいと思っていましたが、空回りしてしまいました。それでも楽しかったです」と話していました。毛呂山町観光協会の瀧澤時夫会長は「こうした催しを通して多くの人たちに毛呂山町のいいところを知ってもらい、足を運んでもらいたいです」と話していました。
ケーキに歌に サンタと列車の旅で一足早いクリスマス 石川,2018年12月10日,石川県の能登半島を走る「のと鉄道」で、サンタクロースが乗り込んだ特別列車が運行され、幼稚園児が一足早くクリスマス気分を味わいました。
立民 枝野代表「麻生氏発言は立法府への冒とく」,2018年12月10日,先週の参議院本会議での自民党議員による野党議員への言動を、麻生副総理兼財務大臣が「はめられた話だ」などと述べたことについて、立憲民主党の枝野代表は「立法府への冒とくだ」と批判しました。先週７日の参議院本会議で自民党の麻生派の議員が野党議員にとった言動について、麻生副総理兼財務大臣は９日、北九州市で、「あれで『暴力』と言われたら、とてもじゃない。はめられた話だ」などと述べました。この発言について、立憲民主党の枝野代表は「与党側が、事実関係を認め、おわびして、決着がついたはずだったのに、行政府による立法府に対する冒とくだ」と批判しました。そのうえで、「事実関係を確認するが、立法府に対する暴言と言わざるをえない」と述べ、参議院として、麻生副総理に厳しく対処すべきだという考えを示しました。
「給食甲子園」しまがつおの唐揚げや流鏑馬汁で福島が準優勝,2018年12月10日,全国の栄養士たちが独自に考案した給食の味などを競う「全国学校給食甲子園」で、北海道・東北ブロックの代表として参加した福島県いわき市の栄養士たちが準優勝しました。
「中小企業の資金繰りで支援を」財務相 金融機関に要請,2018年12月10日,深刻な人手不足や相次ぐ自然災害などで中小企業の経営環境が厳しさを増していることから、麻生副総理兼金融担当大臣は金融機関の代表に対し、中小企業の資金繰りを積極的に支援するよう要請しました。政府は、企業の資金需要が増す年末を前に、毎年、金融機関の代表と意見交換を行っていて、10日は麻生副総理兼金融担当大臣と、全国の銀行や信用金庫の代表が出席しました。この中で、麻生副総理兼金融担当大臣は「年末は特に運転資金が重要になるので、中小企業から相談があれば親身に対応してもらいたい。事業内容や将来性を見て融資の判断を行ってほしい」と求めました。これに対し、全国銀行協会の藤原弘治会長が「日本経済の基盤である中小企業の資金需要をしっかり支えていきたい」と述べたほか、第二地方銀行協会の熊谷俊行会長は「ことしは自然災害が相次いだこともあり、中小企業の資金繰りに支障が生じないよう対応していきたい」と述べました。10日の会合では、人手不足や自然災害に加え、アメリカと中国の貿易摩擦の影響が国内の中小企業に及ぶことへの懸念の声も出ていました。
日経平均株価 一時500円超値下がり 米中関係悪化懸念で全面安,2018年12月10日,週明けの10日の東京株式市場、日経平均株価は米中関係が悪化することを懸念する見方から全面安となり、一時500円を超える値下がりになりました。日経平均株価、10日の終値は先週末より、459円18銭安い２万1219円50銭、東証株価指数＝トピックスは、30.64下がって1589.81、１日の出来高は13億8309万株でした。市場関係者は「中国の通信機器大手ファーウェイの幹部がアメリカの要請によって、カナダで逮捕された事件を受け、中国外務省が９日、北京駐在のアメリカ大使に抗議したことなどで、米中の関係悪化への懸念が改めて高まっている。また、けさ発表されたことし７月から９月のＧＤＰの改定値が速報値から下方修正されたことも重なり、全面安となった」と話しています。
”街角景気” が改善 高めの気温や増税前の駆け込み需要寄与か,2018年12月10日,働く人たちに景気の実感を尋ねる先月の景気ウォッチャー調査は、景気の現状を示す指数、先行きを示す指数ともに改善しました。内閣府は、スーパーの店員やタクシーの運転手など働く人たち2000人余りに毎月、景気の実感を尋ねて指数にし、景気ウォッチャー調査として公表しています。先月の調査では、景気の現状を示す指数が51.0となり、前の月を1.5ポイント上回り、２か月連続の改善となりました。これは、住宅関連の業界から「来年10月の消費税率の引き上げを意識した駆け込み需要の動きがみられる」とか、小売店から「東日本を中心に気温が高めで天候が穏やかだったこともあり客足がよかった」などというコメントが寄せられたためです。また、景気の先行きを示す指数も52.2と、前の月を1.6ポイント上回り、３か月ぶりに改善しました。これはデパートから「ボーナスが前年を上回ったということで商戦に期待したい」とか旅行代理店から「長期の休暇になる来年の大型連休向けの問い合わせが増えている」という声が寄せられたためです。内閣府は「北海道地震など災害の影響が軽減されたことに加え、ガソリン価格なども比較的落ち着いていて、全体的に前向きな受け止めとなっている」として基調判断を「緩やかに回復している」に上方修正しました。
旧優生保護法の不妊手術問題 障害者家族らの団体が救済支援へ,2018年12月10日,旧優生保護法のもとで障害などを理由に不妊手術が行われていた問題で、障害者の家族などで作る団体が相談窓口を設けて救済支援を行っていくことになりました。これは、知的障害者の家族などで作る団体「全国手をつなぐ育成会連合会」が10日、都内で会見をして明らかにしました。旧優生保護法をめぐっては、障害などを理由に本人が同意したケースも含めて、およそ２万5000人が不妊手術を受けさせられたとされ、与党や超党派のグループが救済に向けた検討を進めています。これに合わせて、団体では全国の都道府県と８つの政令市にある支部に相談窓口を設けて、救済支援を行っていくことになりました。電話などで、当事者や家族などの相談を受け付けているということで、弁護士会などとも連携して救済に向けた対応にあたることにしています。一方、団体が過去に発行していた機関誌の記事を検証したところ、およそ60年前の記事などで不妊手術を助長するような内容が見つかったということです。「全国手をつなぐ育成会連合会」の久保厚子会長は「かつての機関誌は“指導誌”と呼ばれ、国の施策が色濃く出ていた。反省すべきは反省して、必要な支援を行いたい。特に家族がいない重度の障害がある人はみずからは手を挙げられないので、国はすべての人が救済される仕組みを作ってほしい」と訴えました。
自民 「自衛隊の明記」など憲法改正案の提示見送り,2018年12月10日,国会では、会期末の10日、憲法審査会が開かれましたが、自民党が目指した「自衛隊の明記」など４項目の憲法改正案の提示は見送られました。また、審査会の幹事懇談会で、国民投票の実施に伴うテレビ広告の規制をめぐって、民放連＝日本民間放送連盟は、ＣＭ量の自主規制は行わない考えを示しました。国会会期末の10日、衆議院憲法審査会は、与野党が出席して開かれ、成立に至らなかった国民投票法の改正案を継続審議にする手続きを行いました。この国会では、与野党の対立などから、実質的な審議は行われず、自民党が目指した「自衛隊の明記」など４項目の憲法改正案の提示は見送られました。また、審査会のあとに開かれた幹事懇談会では、国民投票の実施に伴うテレビ広告の規制をめぐって、民放連＝日本民間放送連盟から意見を聞き、民放連は、ＣＭ量の自主規制は行わない考えを示しました。これに対し、自民党の幹事は「われわれは、憲法に自衛隊を明記する考えなどを表明しているが、広告を出す場合、どのように扱われるのか」などと、党の改正案に言及しながら質問しました。与党側の筆頭幹事を務める自民党の新藤元総務大臣は、記者団に対し、「改正案の提示はしていない。改正案は、すでにさまざまな場所で明らかにしており、提示したとか、しないとかを論点にする必要はない」と述べました。
あおり運転 裁判 検察「執拗で危険な運転」懲役23年求刑,2018年12月10日,神奈川県の東名高速道路であおり運転で停車させられたワゴン車がトラックに追突され家族４人が死傷した事故の裁判で危険運転致死傷などの罪に問われている被告に対し、検察は「何度も危険な妨害運転を繰り返すなど執ようで悪質な犯行で、法令を順守するつもりが全くない」などと指摘し、懲役23年を求刑しました。一方、被告の弁護士は、危険運転致死傷の罪について改めて無罪を主張し、裁判は10日で結審しました。
臨時国会が閉会 外国人材法など政府提出13の法律すべて成立,2018年12月10日,10月に召集された臨時国会は、10日、成立に至らなかった国民投票法の改正案を継続審議にする手続きなどが行われ、閉会しました。会期末の10日、衆参両院の本会議では、憲法改正の是非を問う国民投票の利便性を高めるための国民投票法の改正案など、成立に至らなかった法案を継続審議にする手続きなどが行われ、国会は閉会しました。この国会では、最大の焦点となっていた外国人材の受け入れを拡大するための改正出入国管理法が与野党の激しい攻防の末、８日の明け方、成立しました。また、一連の災害からの復旧・復興に向けた今年度の補正予算や、水道事業の経営の安定化に向け、民間の参入を促す改正水道法、それに、およそ70年ぶりに漁業制度を見直す水産改革関連法など、政府提出の13の法律すべてが成立しました。一方、憲法改正をめぐって、自民党は、「自衛隊の明記」など４項目の憲法改正案を提示することを目指していましたが、与野党の対立などから、憲法審査会で実質的な審議は行われず、提示は見送られました。
野党６党派 与野党の協議の場設けるよう衆院議長に申し入れ,2018年12月10日,臨時国会での与党側の強引な運営で、国会は危機的な状況にあるとして野党６党派は、10日、大島衆議院議長に対し、国会の在り方を与野党で協議する場を設けるよう申し入れました。臨時国会の閉会にあたって、立憲民主党など野党６党派の国会対策委員長は、10日午後、大島衆議院議長と会談しました。この中で、野党側は、外国人材の受け入れを拡大するための法律の強行採決や与野党の合意がないまま、衆議院憲法審査会が開かれるなど、与党側の強引な運営が繰り返されたと指摘しました。そのうえで、国会は、危機的な状況にあるとして、その在り方を与野党で協議する場を設けるよう申し入れました。これに対し、大島議長は、「国会は言論の戦いの場だが、ルールは守らなければならず、建設的に協議できるよう努力したい」と述べたということです。このあと、立憲民主党の辻元国会対策委員長は「大島議長には重く受け止めてもらった。来年の通常国会に向けて、何らかの形で話し合いができる環境があれば応じていきたい」と述べました。
20歳女性の遺体遺棄容疑で逮捕の男 殺害ほのめかす,2018年12月10日,東京 練馬区に住む20歳の専門学校生の女性とみられる遺体を福島県まで車で運んで遺棄したとして、27歳の男が警視庁に逮捕されました。男は女性を殺害したことについてもほのめかしていて、警視庁が詳しい経緯を捜査しています。逮捕されたのは、住所不定の無職、熊澤義信容疑者（27）です。警視庁によりますと、今月３日から９日にかけて、東京練馬区平和台のマンションから女性の遺体を運び出し、乗用車に乗せて福島県いわき市まで運んで遺棄した疑いが持たれています。このマンションは学生寮として使われていて、警視庁は、女性はここに住む専門学校生の谷口夏希さん（20）とみて、確認を進めています。警視庁などによりますと、谷口さんは先月29日から学校を欠席していて、今月６日に学校から長野県にある実家に電話があったことから、翌日（７日）上京した父親が部屋に血痕があるのを見つけ、通報したということです。部屋からは掛け布団がなくなっていて、警視庁がマンションのエントランスの防犯カメラを解析したところ、今月３日の深夜に膨らんだ状態の布団を運び出す熊澤容疑者の姿が写っていたということです。その後、レンタカーが200キロ余り離れた福島県いわき市にある入浴施設近くの駐車場で見つかり、捜査員が職務質問したところ、後部座席から布団をかけられた状態の女性の遺体が見つかったということです。調べに対し、熊澤容疑者は容疑を認めているほか、谷口さんを殺害したことについてもほのめかしているということで、警視庁は、詳しい経緯を捜査しています。
“大嘗祭への公的費用支出は憲法違反”宗教関係者らが提訴,2018年12月10日,来年の皇位継承に伴う「大嘗祭」などの儀式に公的な費用を支出することは、政教分離を定めた憲法に違反するとして、宗教関係者などが国に対し、支出をやめるよう求める訴えを東京地方裁判所に起こしました。訴えを起こしたのは、宗教関係者や大学教員など、240人余りです。訴えによりますと、「大嘗祭」や「即位の礼」など、皇位継承に伴う一連の儀式は神道に基づく宗教的儀式で、公的な費用を支出することは政教分離を定めた憲法に違反するとして、国に対し、支出をやめるよう求めています。このうち、来年11月に行われる「大嘗祭」は、天皇が即位後初めて、新しく収穫された米などを天照大神とすべての神々に供えたうえで、みずからも食べ、国と国民の安寧や五穀豊じょうなどを祈る儀式で、政府は公的な予算にあたる「宮廷費」から支出することを決めています。大嘗祭の費用については、秋篠宮さまが先月、記者会見で、儀式の宗教色を踏まえ、天皇の生活費にあたる予算の「内廷費」から支出するべきだという考えを示し、政府の決定と異なる意見を述べられています。訴えを起こしたグループでは、どの予算で費用を出すかにかかわらず、儀式を行うこと自体が憲法に違反するとしていて、原告の１人の大学教授の佐野通夫さんは、会見で「平成の代替わりの際に大きな議論になったにもかかわらず、政府は何の議論もないまま、前例を踏襲しようとしている」と批判しました。
日本ハムに移籍の金子が入団会見,2018年12月10日,プロ野球、オリックスから日本ハムに移籍した金子弌大投手が札幌市で入団会見を行い、「期待以上の成績が残せるよう一日一日死ぬ気でやりたい」と活躍を誓いました。
居眠り運転で死亡事故 勤務先社長を道路交通法違反容疑で逮捕,2018年12月10日,ことし５月、東京都内で居眠り運転のトラックが自転車の男性をはねて男性が死亡する事故があり、警視庁は、トラックの運転手に十分な休みを与えずに仕事をさせていたとして運送会社の社長を逮捕しました。ことし５月、東京・葛飾区奥戸の交差点で横断歩道を自転車で渡っていた88歳の男性が信号を無視して走ってきたトラックにはねられて死亡し、30歳の運転手が過失運転致死傷の罪で起訴されました。その後の捜査で、勤務先の運送会社の社長、葛西正利容疑者（58）が、運転手が疲れているにもかかわらず十分な休みを与えずに運転させていたことがわかったとして、警視庁は道路交通法違反の疑いで逮捕しました。事故は午前５時半に起きましたが運転手は前の日の午後８時から徹夜で配送業務にあたり、さらに１か月以上休みがなかったということです。警視庁によりますと社長は調べに対し、「運転手が疲れていたことは把握していたが、人手が足りないこともあり交代させる対応をとらなかった」と供述し、容疑を認めているということです。警視庁は、日常的に過労の状態で運転させていたとみて詳しい実態を調べています。
ＳＮＳの「ＬＩＮＥ」のニュースで話題の人を初表彰,2018年12月10日,ＳＮＳの「ＬＩＮＥ」のニュースで、この１年、登場回数が多かった人などが、話題の人としてことし初めて表彰され、乃木坂46の齋藤飛鳥さんなどが部門ごとに選ばれました。
衆院「無所属の会」 議員の個別判断で「立民」の会派へ,2018年12月10日,旧民進党の出身者らでつくる衆議院の会派「無所属の会」は、野党勢力の結集に向け、立憲民主党の会派に加わる方針を確認しました。ただ、最終的な判断は13人の所属議員に委ねられました。岡田・元外務大臣が代表を務め、野田前総理大臣をはじめ、旧民進党の出身者ら13人でつくる衆議院の会派「無所属の会」は、臨時国会会期末の10日、総会を開きました。そして、野党勢力の結集に向けて、今のこう着状態を打破したいとして、立憲民主党の会派に加わる方針を確認しました。岡田代表は、記者会見で、「立憲民主党と会派を同じくする方向性を確認した。最終的には、議員一人一人の判断なので、違う判断をすることもありえる」と述べ、最終的な判断は、13人の所属議員に委ねる考えを示しました。また、岡田氏は、みずからの対応について、「私は代表なので、いちばん最後だ。一人一人が身の処し方を決めたら、私自身の態度を明らかにしたい」と述べました。
ゴーン前会長の再逮捕 海外メディアも速報,2018年12月10日,日産自動車のカルロス・ゴーン前会長が起訴、再逮捕されたことについて、フランスを中心に海外メディアも速報で伝えています。このうち、フランスのニュース専門チャンネル「フランス24」は東京と中継を結びながら「本質的にはこれまでと同じ容疑事実だが、より最近のものだ。この結果、おそらくさらに22日間、身柄が拘束されることになる」と伝えています。またフランスのＡＦＰ通信は、日本の司法制度について触れ、「日本の法律では、捜査当局は別の容疑で再逮捕して長期勾留できるが、国際的な批判を招いている」と伝えています。そして「裁判の開始までに保釈が認められるかは不明だ」としたうえで「ゴーン氏は狭く、簡素な独房で過ごしている。面会相手には寒さへの不満を漏らしているということだ」などと拘置所での様子についても伝えています。このほかアメリカのニューヨーク・タイムズも「日本の捜査当局は、自動車業界で最も知られ、尊敬されていた経営者を逮捕して３週間後に起訴した」と速報で伝えています。
ことしのコメの作柄 全国平均は「やや不良」 北海道は「不良」,2018年12月10日,農林水産省は、ことしのコメの作柄を発表し、全国平均は「やや不良」、低温や日照不足の影響で、北海道が「不良」となりました。農林水産省は、新米の収穫がほぼ終わったことからことしのコメの作柄を発表しました。それによりますと、平年を100とした作況指数は全国平均で98となり、「やや不良」となりました。「やや不良」となるのは平成22年以来、８年ぶりです。都道府県ごとに見ますと、福岡県や山口県など９県ではおおむね天候にめぐまれ指数は102から104で「やや良」となりました。岩手県や福島県など、24の都府県は99から101で、「平年並み」となりました。一方、新潟県や秋田県、山形県など13の府県では夏場の日照不足により95から98の「やや不良」となりました。北海道は６月中旬から７月中旬にかけての低温や日照不足の影響で、生育状況が悪く、指数は90となり、「不良」となりました。作況指数をもとにしたことしの全国の主食用のコメの生産量は732万7000トンと推計されいわゆる「減反政策」の廃止で作付面積が増えたことなどから去年よりもおよそ２万トン増えるとしています。
順天堂大学 女子や浪人生に不利な合否判定認め謝罪,2018年12月10日,医学部の不適切入試の問題で、順天堂大学は10日、記者会見を行い、女子受験生や浪人生が不利となるような合否判定を行っていたとして謝罪しました。そして、去年とことしの入試で不合格とされた48人を追加合格とすることを明らかにしました。
「辞任は残念で混乱招いたことをおわびしたい」経産相,2018年12月10日,産業革新投資機構の田中社長ら９人の取締役が辞任する意向を表明したことについて、世耕経済産業大臣は、記者団に対し、「認識のずれが埋まることなく、残念だ」と述べたうえで、後任人事など、事態の収拾に当たる方針を明らかにしました。この中で世耕大臣は、機構の取締役が辞任する要因となった役員報酬をめぐる問題について、「未確定の報酬案を紙で提示したことには事務的な失態があり、おわびをしたい」と述べて改めて陳謝したうえで、「機構との認識のずれが埋まることなく、取締役９人の辞任に至ったことは大変残念だ」と述べました。一方で、世耕大臣は、機構側がファンドの傘下に国の認可が必要ない新たなファンドを設ける方針を示していたとして、「少し透明性に問題があると言わざるをえない部分も出てきた。白紙委任しているわけではないので、一定の説明責任を求めた」と述べました。そのうえで世耕大臣は、今後の対応として、継続している案件は、当面、別の官民ファンドが担うことや、来年春までに後任人事など、事態の収拾にあたるため、省内に連絡室を設けること、それに連絡室を支援するため、第三者でつくる諮問委員会を設置することを明らかにしました。さらに世耕大臣は、連絡室の室長にはこの問題に対応してきた経済産業省の糟谷官房長を専従で当てる考えを示しました。また世耕大臣は、官民ファンドについて、リスクが高い分野を育てる政策上の役割を果たしているとして、必要性を強調しました
日清食品グループ 冷蔵の麺類を来年４月から値上げへ,2018年12月10日,大手食品メーカーの日清食品グループは、原材料の小麦粉や物流費などの上昇を受けて、冷蔵タイプのラーメンなどの商品を来年４月から値上げすることになりました。「日清食品チルド」は、小麦粉を主な原材料とする冷蔵タイプの麺類およそ80品目を、来年４月１日に納品する分から値上げします。値上げするのは、「行列のできる店のラーメン」や、「日清のラーメン屋さん」、「つけ麺の達人」などで、値上げ幅は３％から９％としています。値上げの理由について、会社では、小麦粉の価格上昇に加えて、物流費や人件費も上がっているためだと説明していて、今回のように麺類の大半を値上げするのは、およそ10年ぶりだということです。日清食品チルドは、「自社の努力だけではコスト増を吸収できない状況のため、やむをえず価格を改定する」と話しています。大手メーカーの「東洋水産」も同じく来年の４月１日に納品する分から値上げすることを、すでに明らかにしています。
神奈川県が「風しん非常事態宣言」５年ぶり,2018年12月10日,風疹の感染拡大が続く中、神奈川県内では去年の30倍以上の患者が報告されていることから、神奈川県は10日、５年ぶりとなる「風しん非常事態宣言」を出し、予防接種の呼びかけなどを強化していくことになりました。風疹は発熱や発疹などの症状が出る感染症で、妊娠中の女性が感染すると生まれてくる赤ちゃんの目や耳、それに心臓などに障害が出るおそれがあります。神奈川県によりますと、ことし７月以降、首都圏を中心に風疹の患者が急増し、県内では、去年１年間で10人だった患者がことしは今月２日現在で343人と、34倍に上っています。これは、５年前に年間で1700人近い患者が報告された時以来の高い水準だということで、県では広く風疹の予防に取り組んでもらうため、10日、「風しん非常事態宣言」を５年ぶりに出しました。神奈川県は、これまで行ってきた自治体への予防接種の助成を続けるとともに、今回の患者は30代から50代の男性が多いことから、企業や経済団体を通じて予防接種を受けるよう働きかけを強化していくことにしています。
自民 参院議員の歳費削減法案は次の国会への提出目指す,2018年12月10日,来年夏の参議院選挙から定数が増えることを受けて、自民党は、臨時国会に、参議院議員の歳費を削減する法案を提出したい考えでしたが、野党の一部から理解が得られなかったとして、来年の通常国会への提出を目指すことになりました。公職選挙法の改正で、来年と４年後の参議院選挙で定数が３ずつ増えることになっていることを受けて、自民党は、参議院議員の給与にあたる歳費を月７万7000円削減する法案を臨時国会に提出したい考えでした。自民党の岡田参議院幹事長代行は「増員分を歳費削減で賄うことに、賛同する意見もあれば、違った意見もあった」と述べ、定数を増やすことに反対した野党の一部から法案提出への理解が得られなかったことを明らかにしました。そのうえで、岡田氏は、来年の通常国会に提出し、成立を図りたいという考えを示しました。
「から揚げロボ」ができたて提供 従業員の負担軽減にも,2018年12月10日,人手不足に悩む大手コンビニに、従業員に代わって出来たてのから揚げを提供する「から揚げロボ」が登場しました。から揚げロボは、コンビニ大手のローソンが、10日から、東京・品川区のＪＲ大崎駅前の店舗に設置しました。高さ150センチほどの箱形で、利用客がレジで代金を支払って専用の紙パックを受け取り、から揚げロボにその紙パックをセットします。すると、箱の中で自動的に調理され、１分余りたつと、出来たてのから揚げが提供されるという仕組みです。から揚げなどの温かい総菜は冬場に売り上げが伸びる一方、調理に手間がかかるため、これまでは人手が足りない時に十分提供できないケースもあったということです。ロボットを導入することで、商品を求める客に確実に出来たてを提供するとともに、人手不足をカバーして業務の軽減につなげたい狙いがあります。ローソンでは、全国で鶏肉を年間４万トン、から揚げに換算すると20億個分を店内で調理しているということで、客の反応を見ながらほかの店舗にも導入を広げたいとしています。ローソンの竹増貞信社長は「人手不足は深刻で、店舗の効率化は待ったなしだ。出来たてのおいしさの提供と、従業員の負担軽減の両立にチャレンジしたい」と話しています。
旧優生保護法の不妊手術問題 救済法案提出へ 議員グループ,2018年12月10日,旧優生保護法の下で強制的に不妊手術が行われていた問題で、与党の作業チームと、超党派の議員連盟は、手術を受けた人に対して、国や立法機関などを意味する「我々」がおわびし、一時金を支払うなどとした救済法案を、来年の通常国会に提出する方針を確認しました。平成８年まで施行された旧優生保護法の下で、本人の同意の無いまま不妊手術が行われていた問題で、与党の作業チームと、野党も加わった超党派の議員連盟が、10日、それぞれ会合を開き、これまで両者で一本化を調整してきた救済のための法案の基本方針を了承しました。基本方針では、まず、国や立法機関などを意味する「我々」が、「真摯（しんし）に反省し、心から深くおわびする」としています。そのうえで、本人が同意したケースも含め、精神障害や遺伝性の疾患などを理由に手術を受けた、およそ２万5000人を救済の対象とし、専門家で構成される認定機関によって、手術を受けたことが認められれば、一律の額の一時金を支給するとしています。また、請求期限は法律の施行から５年とし、本人の申請が必要だとしています。一方、一時金の額については、今後、諸外国の例などを参考に検討するほか、旧優生保護法を制定したいきさつなども調査するとしています。そして、両者は今後、法案化に向けた詰めの作業を進め、来年の通常国会に法案を提出する方針を確認しました。
円相場 小幅な値動き,2018年12月10日,週明けの10日の東京外国為替市場、円相場は小幅な値動きでした。午後５時時点の円相場は、先週末と比べて14銭、円高ドル安の１ドル＝112円63銭から64銭でした。一方、ユーロに対しては先週末と比べて45銭、円安ユーロ高の１ユーロ＝128円69銭から73銭でした。ユーロは、ドルに対しては１ユーロ＝1.1426から27ドルでした。市場関係者は、「『ファーウェイ』幹部の逮捕をきっかけに米中の貿易摩擦への懸念が再び強まっていて、株価の下落を受け、リスクを避けようと円を買ってドルを売る動きも出た。今週は、イギリス議会で、ＥＵ＝ヨーロッパ連合からの離脱の条件を決めた協定案の採決が行われ予定で、政治や経済の混乱につながる『合意なき離脱』を回避できるか注目されている」と話しています。
あおり運転取締り ヘリコプターとパトカーが連携 三重,2018年12月10日,三重県桑名市の東名阪自動車道で、警察のヘリコプターとパトカーが連携して悪質な「あおり運転」の取締りを行いました。この取締りは、去年６月に神奈川県の東名高速道路で家族４人が死傷した事故のきっかけにもなった悪質なあおり運転をなくそうと、三重県警察本部が行いました。10日は、警察のヘリコプターとパトカー３台が連携して東名阪自動車道の桑名インターチェンジから愛知県境までの８キロほどの区間で、およそ１時間半にわたり取締りを行いました。車間距離を執ように詰める車は見つかりませんでしたが、上空のヘリコプターから、追い越し車線を走り続ける車や走行車線から追い越しを行う車の情報をパトカーに無線で連絡し取締りや警告を行ったということです。三重県警察本部は、去年６月の東名高速道路の事故以来、あおり運転の取締りに積極的に取り組んでいて、ヘリコプターを使うのは今回で４回目です。ことしは先月末までに83件のあおり運転を取り締まっていますが、通報はその７倍以上の618件に上っています。三重県警察本部高速道路交通警察隊の福富孝司指導係長は「あおり運転は大事故につながりかねず、決してやってはいけない行為だ。譲り合いの精神で安全運転を心がけてほしい」と話していました。
北里大学 補欠合格で男子や現役生を不当に優遇と認め謝罪,2018年12月10日,北里大学はことしの医学部の入学試験で補欠合格者を決める際に男子や現役生を不当に優遇したことを認めて謝罪しました。大学は今週中にも第三者委員会を設置し、来月下旬までに不利を受けた受験生を追加合格にするなどの救済策を検討することにしています。一方で、女子や浪人生の入学者の割合が私立大学の医学部の中で高いことや、合否判定において、特定の受験生への加点などは一切行っていないと主張しています。北里大学はこれらの結果についてホームページで公表しましたが、会見を開く予定はないとしています。
あおり運転 摘発強化で検挙倍増,2018年12月10日,神奈川県の東名高速道路であおり運転で停車させられたワゴン車がトラックに追突され家族４人が死傷した事故。この痛ましい事故をきっかけに、「あおり運転」を始めとする悪質で危険な運転への社会的な批判が高まりました。こうした運転に対し、警察庁はことし１月、あらゆる法令を駆使して捜査を徹底するよう全国の警察に指示しました。全国一斉の取締まりも実施され、ヘリコプターを使った上空からのパトロールなど、「あおり運転」に対する取り組みが強化されました。警察庁によりますと、車間距離を極端に詰めるなど道路交通法に違反したとして検挙された「あおり運転」はことしに入って10月末までに全国で１万873件に上り、去年の同じ時期のおよそ２倍に増えています。また、危険な運転行為に対し、暴行罪や傷害罪を適用して検挙したケースがことしはこれまでに17件ありました。一方、全国の警察は将来、重大な事故を起こすおそれがあると判断したドライバーに対し、交通違反の点数の累積が無くても運転免許の停止処分が出せる道路交通法の規定もことしから積極的に適用しています。このうち、運転をめぐって暴行や脅迫のトラブルを起こしたドライバーに対する運転免許の停止処分はことしは10月末までに全国で41件と、年間で６件だった去年をすでに大きく上回っています。
人手不足対策 工事現場にロボット導入 大阪,2018年12月10日,大阪市内に建設中の高層ホテルで、人手不足対策として導入されたロボットが、10日、報道陣に公開されました。大手ゼネコン「清水建設」が建設を進めている大阪・淀川区の高層ホテルの工事現場では、ロボットが合わせて５台導入されています。ロボットは３種類で、それぞれ建築資材の運搬や、柱の溶接作業、天井ボードの取り付け作業を行っています。ロボットはいずれも、タブレット端末であらかじめ入力された指示に従い、人がそのつど操作しなくても、周囲の状況をセンサーで読み取るなどして自動で作業を進めることができるということです。この建設会社では、職人の高齢化などで人手不足が深刻化する中、対策の切り札として独自に開発を進めてきました。清水建設生産技術本部の印藤正裕本部長は「ロボットを導入したことで、作業員を、人手が必要なところに集中して配置できるようになった。実践的なロボットで効果も大きいので、今後はいろいろな建設現場に導入を進めたい」と話していました。
長崎「被爆地域」の外にいた被爆体験者 ２審で逆転敗訴,2018年12月10日,長崎に原爆が投下された際、爆心地の近くにいたものの、国が定める「被爆地域」の外にいた人たちが被爆者と認めるよう求めた裁判で、２審の福岡高等裁判所は、一部を被爆者と認めた１審の判決を取り消し、全員の訴えを退けました。長崎に原爆が投下された際、爆心地から半径12キロ以内にいたものの、被爆地域の外にいた人たちは、「被爆体験者」として公的な支援を受けていますが、被爆者と比べて内容に差があり、長崎市や長崎県諫早市などに住む161人の「被爆体験者」は、長崎県と長崎市に対して、被爆者と認め、「被爆者健康手帳」を交付することなどを求めていました。１審の長崎地方裁判所は、原告のうち爆心地に近い地域にいた10人は原爆の影響を受けたとして被爆者と認める判決を言い渡し、県や市と、認められなかった原告が、それぞれ控訴していました。10日の２審の判決で、福岡高等裁判所の矢尾渉裁判長は、「年間100ミリシーベルト以下の被爆で健康被害が出るとする科学的知見が確立しているとは認められない」として、地裁とは異なる判断基準を示し、１審の判決を取り消して全員の訴えを退けました。原告側は上告する方針です。この裁判に先立って別の「被爆体験者」が起こした裁判でも、去年、最高裁判所が、原爆の投下直後に被爆地域に入った男性を除き、ほぼ全員の上告を退け、敗訴が確定しています。
北方領土 四島返還の方針を確認 元島民などの団体,2018年12月10日,北方領土問題を含むロシアとの平和条約交渉が注目される中、元島民などで作る団体が札幌市で会合を開き、四島の返還を目指すという団体の基本方針を改めて確認しました。北方領土の元島民などで作る「千島歯舞諸島居住者連盟」が開いた会合にはおよそ30人が出席し、領土問題に関する意見が交わされました。出席者によりますと、会合では「長年停滞してきた領土交渉を少しでも動かして１島でも多くの返還につなげてほしい。四島の一括返還にこだわれば元島民が生きているうちの返還は厳しくなる」という意見が出されたということです。一方で、「北方領土での軍事化などが進むなか、一括で返してもらわないと残りの島は返ってこない」といった考えも出たということです。このあと会合では四島の早期一括返還を引き続き求めていくとともに、「四島の日本への帰属を確認できれば時期や方法は柔軟に対応する」という政府方針を容認するとした連盟の基本方針を改めて確認しました。千島歯舞諸島居住者連盟の脇紀美夫理事長は「交渉が活発化したこのタイミングで全国の意見を聞けてよかった。さまざまな意見はあるが、四島の返還を目指すという基本を改めて共有できた」と話しています。
ノーベル平和賞授賞式 日本時間の10日午後９時から,2018年12月10日,ことしのノーベル平和賞の授賞式がノルウェーの首都オスロで、まもなく、日本時間の10日午後９時から始まります。受賞するコンゴ民主共和国の医師とイラクの人権活動家がスピーチを行い、紛争下の性暴力の根絶に向けて国際社会に積極的な行動をとるよう呼びかけることにしています。ことしのノーベル平和賞は、紛争が続くアフリカ中部のコンゴ民主共和国で性暴力の被害を受けた女性の治療や保護に長年あたってきたデニ・ムクウェゲ医師と、過激派組織ＩＳ＝イスラミックステートによる凄惨な性暴力の実態をみずからの経験をもとに世界に訴えてきたイラクの少数派、ヤジディ教徒の人権活動家、ナディア・ムラドさんの２人が受賞します。授賞式は、まもなく、現地時間の午後１時（日本時間の午後９時）からオスロの市庁舎で行われ、２人がメダルや賞状を受け取ったあとそれぞれスピーチを行うことになっています。前日の記者会見で、２人は、紛争下の性暴力の根絶に向けては、紛争そのものを食い止め、加害者が裁かれることが重要だと強調していて、世界的な注目が集まる授賞式のスピーチでは、国際社会に積極的な行動をとるよう呼びかけることにしています。
安倍内閣「支持する」41％「支持しない」38％ ＮＨＫ世論調査,2018年12月10日,ＮＨＫの世論調査によりますと、安倍内閣を「支持する」と答えた人は、先月の調査より５ポイント下がって41％だったのに対し、「支持しない」と答えた人は、１ポイント上がって38％でした。ＮＨＫは、９日と８日の２日間、全国の18歳以上の男女を対象に、コンピューターで無作為に発生させた固定電話と携帯電話の番号に電話をかける「ＲＤＤ」という方法で世論調査を行いました。調査の対象となったのは1951人で、55％にあたる1074人から回答を得ました。それによりますと、安倍内閣を「支持する」と答えた人は、先月の調査より５ポイント下がって41％だったのに対し、「支持しない」と答えた人は先月より１ポイント上がって38％でした。支持する理由では、「ほかの内閣よりよさそうだから」が46％、「支持する政党の内閣だから」が19％でした。逆に、支持しない理由では、「政策に期待が持てないから」と「人柄が信頼できないから」がともに35％となりました。安倍総理大臣がロシアのプーチン大統領と会談し、「平和条約を締結したあとに、北方四島のうち、歯舞、色丹の２島を引き渡す」とした日ソ共同宣言を基礎に、条約の交渉を加速させることで合意したことについて、「大いに評価する」が10％、「ある程度評価する」が47％、「あまり評価しない」が24％、「全く評価しない」が９％でした。ロシアとの平和条約交渉に、政府が、どのような姿勢で、臨むべきだと思うか聞いたところ、「４島の一括返還」が38％、「２島の先行返還」が38％、「２島のみの返還」が10％でした。来年４月から外国人材の受け入れを拡大するための法律が成立したことについて、「大いに評価する」が６％、「ある程度評価する」が32％、「あまり評価しない」が34％、「全く評価しない」が20％でした。沖縄のアメリカ軍普天間基地を名護市辺野古に移設させる計画について、地元の沖縄県は反対していますが、政府は、近く土砂の投入を行うなど、予定どおり移設を進める方針です。この政府の方針について、「賛成」が22％、「反対」が30％、「どちらとも言えない」が40％でした。日産自動車のカルロス・ゴーン前会長が東京地検特捜部に逮捕された事件を受け、日産とルノーとの関係について聞きました。大株主としてルノーが優位に立っている両社の関係について、「維持したほうがいい」が５％、「見直したほうがいい」が54％、「どちらとも言えない」が29％でした。
安倍首相 外国人材受け入れ 制度運用に万全期す,2018年12月10日,臨時国会の閉会を受けて安倍総理大臣は今夜記者会見し、最大の焦点となった外国人材の受け入れを拡大するための法律について、必要性を強調した上で、技能実習制度を含め、制度の運用に万全を期す考えを示しました。また、憲法改正について、再来年の2020年を新しい憲法が施行される年にしたいという考えに変わりはないとしながらもスケジュールは国会次第で、予断を持つことはできないと述べました。この中で安倍総理大臣は、臨時国会で最大の焦点となった外国人材の受け入れを拡大するための法律について、「全国的な人手不足の中、優秀な外国人材にもっと日本で活躍してもらうために必要だ」と述べ、新たな制度の必要性を強調しました。そのうえで、「直ちにしっかりとした運用体制を構築する。受け入れる人数には明確に上限を設け、期間を限定する。いわゆる移民政策ではなく、国会での議論も十分に踏まえ、技能実習制度を含め、今後、制度の運用に万全を期していく」と述べました。さらに、安倍総理大臣は、来年度予算案の編成について、「景気への懸念を払拭し、経済の回復基調を持続させ、新しい成長軌道を生み出すために万全な対策を盛り込む。十二分の消費税対策を講じながら、来年10月からの幼児教育の無償化を実現し、未来を担う子どもたちへしっかりと投資していく」と述べました。また、憲法改正について、「私は国民的な議論を深めていくために、一石を投じていかなければならないという思いで、『2020年を新しい憲法が施行される年にしたい』と申し上げたが、その考えに変わりない」と述べました。そのうえで、「憲法の課題は、国民のみなさまが決める上において、しっかりと議論を進めていくことが大切ではないか。具体的な改正案が示され、国民的な議論を深めることが肝要であり、そうした中から、与党・野党といった政治的立場をこえて、できるだけ幅広い合意を得られることを期待している。その後のスケジュールは国会しだいだ。予断をもつことはできない」と述べました。さらに安倍総理大臣は、日産、三菱自動車工業、ルノーのグループ３社の運営について、「日仏産業協力の象徴である日産・ルノー・三菱のアライアンスは安定的な関係を維持していくことが重要だと認識している。しっかりとしたガバナンスのもとでアライアンスの強化に向けた建設的な議論が当事者間で行われることを期待している」と述べました。一方、安倍総理大臣は、中国の通信機器大手「ファーウェイ」の幹部がカナダで逮捕される中、政府が通信機器を調達する際に、安全保障上のリスクも考慮して総合的に評価することを申し合わせたことについて、「各府省庁において、特に防護をすべきシステムと、その調達手段を定めたものであり、特定の企業や機器を排除することを目的としたものではない」と述べました。
幼児教育 保育の無償化 国と地方の調整は決着へ,2018年12月10日,来年10月からの幼児教育や保育の無償化をめぐり、全国市長会は、地方側の費用負担の軽減など政府の提案を受け入れる方針を決め、国と地方の調整は決着する見通しとなりました。来年10月からの幼児教育・保育の無償化に向け、国は、初年度分について、事務費も含めて全額負担することや、認可外の保育施設などの保育料は地方の負担を軽減して、国と折半することなどを地方側に提案しています。全国市長会は、10日、こうした国の提案を協議し、おおむね、地方の意見も踏まえた措置になっているとして受け入れる方針を決めました。全国知事会なども国の提案を評価する考えを示していることから、幼児教育や保育の無償化をめぐる国と地方の調整は決着する見通しとなりました。全国市長会の会長を務める福島県相馬市の立谷市長は記者会見で、「どこかで財源問題には、けりをつけなければならず、市長会として了とする決定をした」と述べました。
外務省事務次官 韓国統一省次官と北朝鮮の非核化へ連携を確認,2018年12月10日,２回目の米朝首脳会談の開催が、来年の早い時期に模索される中、外務省の秋葉事務次官は日本を訪れている韓国統一省のチョン・ヘソン（千海成）次官と会談し、北朝鮮の非核化に向けて、アメリカも含めた３か国で緊密に連携していくことを確認しました。２回目の米朝首脳会談をめぐって、アメリカのトランプ大統領は、来年の早い時期に開催する見通しを示していて、先週、北朝鮮のリ・ヨンホ外相が中国を訪問するなど、関係国の動きが活発化しています。こうした中、韓国統一省のチョン・ヘソン次官は、10日から日本を訪れていて、夕方、外務省で秋葉事務次官とおよそ30分間会談しました。会談の中で、チョン次官は、ことし４月の南北首脳会談で合意した、北朝鮮との共同連絡事務所の開設に向けた準備状況など、南北関係の現状について説明しました。これに対し、秋葉次官は、北朝鮮の非核化に向けて、引き続き両国で協力していく考えを伝え、アメリカも含めた３か国で緊密に連携していくことを確認しました。一方、会談では、韓国の最高裁判所が日本企業に賠償を命じた判決や慰安婦問題は話題に上らなかったということです。
ゴーン前会長らを再逮捕 直近３年間も報酬過少記載の疑い,2018年12月10日,日産自動車のカルロス・ゴーン前会長について、東京地検特捜部は有価証券報告書にみずからの報酬を少なく記載していたとして、金融商品取引法違反の罪で起訴し、法人としての日産も合わせて起訴しました。また、特捜部は昨年度までの直近の３年間でも、42億円余りの報酬を少なく記載していた疑いで、ゴーン前会長を再逮捕しました。起訴されたのは日産自動車の会長だったカルロス・ゴーン被告（64）と、代表取締役だったグレッグ・ケリー被告（62）、それに法人としての日産自動車です。東京地検特捜部によりますと、ゴーン前会長らは平成26年度までの５年間、有価証券報告書にみずからの報酬を48億円余り少なく記載していたとして、金融商品取引法違反の罪に問われています。関係者によりますと、ゴーン前会長は高額の報酬への批判を避けるため実際の報酬との差額を退任後に受け取ることにし、実際の報酬額が記されたとみられる一部の文書には、ゴーン前会長がみずからサインしていたということです。また、退任後の報酬に関する別の文書には西川廣人社長のサインもあったということで、特捜部は長年にわたる巨額のうその記載を許した責任は重いと判断し、法人としての日産も起訴しました。また、特捜部は10日、ゴーン前会長の昨年度までの直近の３年間の報酬が実際には71億円余りだったのに、報告書にはおよそ29億円と記載し、42億円余りの報酬を少なく記載していたとして、ゴーン前会長とケリー前代表取締役を再逮捕しました。特捜部は報告書に記載していない報酬は８年間で91億円余りに上ると見て捜査を進めています。関係者によりますと、ゴーン前会長とケリー前代表取締役は「退任後の報酬は正式には決まっていなかった」などと供述し、いずれも容疑を否認しているということです。
各党の支持率 ＮＨＫ世論調査,2018年12月10日,ＮＨＫの世論調査によりますと、各党の支持率は、自民党が34.5％、立憲民主党が7.6％、国民民主党が0.9％、公明党が3.6％、共産党が3％、日本維新の会が0.6％、自由党が0.2％、希望の党が0.2％、社民党が0.4％、「特に支持している政党はない」が41.1％でした。
11月の全国火山概況 火口周辺警報は11火山,2018年12月10日,気象庁は10日、全国の活火山のことし11月の活動状況や警戒すべき点について発表しました。噴火が発生したり、火山活動が高まったりして、全国11の火山に「火口周辺警報」が、１つの海底火山に「噴火警報（周辺海域）」が発表されています。
国土強じん化緊急対策案まとまる 事業費総額７兆円程度,2018年12月10日,西日本豪雨など一連の災害を受け、政府・与党は、重要な空港の浸水耐震対策などを講じる、国土強じん化に向けた2020年度までの３年間の緊急対策案を取りまとめ、事業費の総額は与党側の意向を踏まえ、７兆円程度とすることになりました。西日本豪雨や北海道で震度７の揺れを観測した地震などを受け、政府は、自民・公明両党に対して、防災・減災、それに国土強じん化に向けて、2020年度までの３年間に実施する、事業費の総額が６兆円を超える緊急対策の原案を示しました。対策では、全国およそ120の河川で決壊を防ぐための工事や、全国16の重要な空港を対象に電源設備の浸水対策やターミナルビルの耐震対策を実施するとしているほか、北海道の地震で発生した「ブラックアウト」を防ぐため、工場や事業所に自家発電設備など、およそ55万キロワット分の分散型電源を導入するなどとしています。これに対し、与党側から対策のさらなる充実などを求める意見が出され、最終的に、事業費の総額を７兆円程度とすることになりました。自民党の林幹事長代理は記者団に対し、「政府側に強力に要請した結果、７兆円規模となり、十分に評価できる事業規模になった。党として国土強じん化を進めたい」と述べました。
ゴーン元会長 異例の「虚偽記載の罪」,2018年12月10日,ゴーン前会長らがみずからの報酬を少なく記載したとして「有価証券報告書の虚偽記載」の罪で起訴された今回の事件。企業が売り上げなどを水増しする「粉飾決算」以外の行為が虚偽記載の罪に問われるのは異例です。「有価証券報告書」は、上場企業が事業年度ごとに決算の内容などを公表する書類です。平成18年のライブドア事件や、平成17年のカネボウの損失隠し事件など、これまで報告書の虚偽記載が問われた事件のほとんどは、企業が売り上げや利益を水増しして投資家の判断に影響を与える「粉飾決算」が対象になってきました。
本庶佑さん 日本時間11日午前０時半からノーベル賞授賞式,2018年12月10日,ことしのノーベル賞の授賞式が日本時間の11日午前０時半から、スウェーデンのストックホルムで行われ、医学・生理学賞に選ばれた京都大学特別教授の本庶佑さんにメダルと賞状が贈られます。スウェーデンの首都ストックホルムでは、日本時間の11日午前０時半から、市内中心部のコンサートホールでノーベル賞の授賞式が行われます。日本からは、がんの免疫療法を医療として確立した業績で医学・生理学賞に選ばれた、京都大学特別教授の本庶佑さんが出席します。本庶さんは日本時間の午後６時すぎに授賞式が行われるコンサートホールに入り、リハーサルに参加したと見られます。そして、本庶さんは、いったんホテルに戻って羽織はかまの和服姿に着替え、授賞式では1500人余りの招待客を前にスウェーデンのグスタフ国王から記念のメダルと賞状を贈られることになっています。また、授賞式のあとは、近くの市庁舎に場所を移してスウェーデン王室の王族らととともに晩さん会が開かれ、この中では本庶さんがスピーチをすることになっています。日本人がノーベル賞を授賞するのはアメリカ国籍を取得した人を含めて26人目で、医学・生理学賞では５人目となります。
森永乳業 プリン15万個余を自主回収 金属の粉混入か,2018年12月10日,大手乳業メーカーの「森永乳業」は、全国のコンビニなどで販売しているプリンに金属の粉が混入した可能性があるとして、15万個余りを自主回収すると発表しました。森永乳業が自主回収するのは、「森永の焼プリン140ｇ」で全国のコンビニやスーパーで販売されています。賞味期限が今月21日と22日で、賞味期限の下に記載されている５桁の英数字が４から始まる商品が対象で、合わせて15万3900個余りに上るということです。会社によりますと、この商品を製造した都内の工場で定期点検の際、プリンの原料を入れる機械に金属どうしがこすれたような跡があったため、自主回収を決めたということです。会社では、商品を出荷したあとに気づいたということですが、今のところ健康被害などの報告は入っていないとしています。森永乳業は「お客様にはご迷惑をおかけしおわび申し上げます。再発防止に向けて品質管理を一層強化します」と話しています。問い合わせの電話番号はフリーダイヤル、0120－369－334で、今週金曜日までは、午前９時から午後８時まで電話を受け付けています。
豚コレラ 新たにイノシシに感染確認 岐阜県で４例目,2018年12月10日,ことし９月以降、ブタやイノシシへの豚コレラの感染が相次いでいる岐阜県で、新たに、関市にある施設でイノシシへの感染が確認されました。岐阜県内の施設で豚コレラへの感染が確認されたのは４例目です。岐阜県によりますと、関市にある民間のイノシシの飼育施設で、９日、メス１頭が死に、県が検査を行ったところ、10日朝、豚コレラに感染していたことがわかったということです。施設では死んだイノシシのほかに22頭が飼育されていて、県は感染拡大を防ぐため、10日午後７時すぎまでにすべてのイノシシの殺処分を終えました。県は、施設からおよそ550メートル離れた施設の所有者の土地にイノシシを埋めることにしています。飼育施設は、もともとは野生のイノシシの猟に使う犬の訓練施設でしたが、現在、犬はおらず、施設の所有者は県に対して「飼育しているのは数年前に持ち込まれるなどしたイノシシで、出荷はしていない」と話しているということです。関市では、これまでに豚コレラに感染した野生のイノシシが10頭見つかっていて、この施設は周囲を金網で囲い、電気柵を使うなどの対策をとっていたということです。岐阜県にあるブタやイノシシの飼育施設で豚コレラの感染が確認されたのはこれで４例目で、県は防疫措置を進めるとともに感染の原因を調べることにしています。
“お笑い”でがん治療 大阪国際がんセンター,2018年12月10日,落語や漫才などの「お笑い」を見て、笑うことでがんの治療によい影響があるかどうかを科学的に調べようと10日、大阪国際がんセンターでがんの患者らが落語を鑑賞する研究が行われました。
「笑顔カレンダー」で福島の人を招待 沖縄 宮古島,2018年12月10日,原発事故の影響が続く福島県の人たちを毎年招待している宮古島で、招待の費用に充てるために島の人たちの笑顔の写真を集めた「笑顔カレンダー」が完成し、販売が始まりました。
販売禁止の外来魚を飼育の疑い 逮捕の経営者を不起訴に,2018年12月10日,販売が禁止されている特定外来生物のガー科の魚を販売目的で飼育していたとして逮捕された、静岡市にあるペットショップの経営者について、静岡地方検察庁は10日付けで不起訴にしました。静岡市清水区のペットショップの経営者（57）は、販売が禁止されている特定外来生物で、中米に生息する魚「トロピカルジャイアントガー」７匹を販売目的で飼育していたとして、ことし10月、特定外来生物被害防止法違反の疑いで逮捕されました。この経営者は、その後、処分保留で釈放され、静岡地方検察庁は任意で捜査を続けてきましたが、10日付けで不起訴にしました。検察は不起訴の理由を明らかにしていません。
外国人の銀行口座を数日で開設へ セブン銀行が新サービス,2018年12月10日,日本で暮らす外国人が増えることが見込まれるとして、コンビニＡＴＭを展開するセブン銀行は、ベンチャー企業との連携でこれまでより速く銀行口座を作れるサービスを始めることになりました。このサービスは、セブン銀行が、ネット上でアジアなどの外国人向けにビザの申請サービスを手がけるベンチャー企業「ｏｎｅｖｉｓａ」と連携して来年春にも始めます。外国人が日本で銀行口座を作る場合、在留資格や収入などを確認するため、来日してから半年ほどかかることもあるということです。このため両社は、来日前、ビザを申請する際の情報を共有してあらかじめ信用性などを判断し、来日後、数日程度で口座を持てるようにすることを目指すとしています。外国人材の受け入れを拡大する改正出入国管理法の成立で、今後、国内で暮らす外国人が増えることが見込まれるとして、銀行は、母国への送金などで手数料収入の増加につなげたいねらいです。10日記者会見したセブン銀行の松橋正明専務執行役員は「来日してすぐに最低限の金融サービスを受けられる環境を整えたい」と話していました。
箱根駅伝 青山の原監督「最高のチーム」 有力校の監督が抱負,2018年12月10日,正月の「箱根駅伝」を前に、有力校の監督によるトークイベントが開かれ、史上３校目の５連覇を目指す青山学院大の原晋監督は「過去最高のチームに仕上がった。優勝を目指したい」と抱負を述べました。
体操女子選手へのパワハラ「認定できず」第三者委,2018年12月10日,体操の女子選手が日本体操協会の副会長と女子強化本部長からパワハラを受けたと訴えている問題で、事実関係を調査してきた体操協会の第三者委員会は、２人の行為についてパワハラとは認定できないとする調査報告をまとめました。
英首相 離脱協定案の採決延期,2018年12月10日,イギリスの複数のメディアは、メイ首相が、閣僚と緊急の電話会議を開き、ＥＵ＝ヨーロッパ連合との間で合意していた離脱協定案について、11日に予定されていた議会での採決を延期する方針を固めたと伝えました。メイ首相は、日本時間の11日午前０時半から議会で声明を発表する予定で、政治の混乱が広がることが予想されます。イギリスの複数のメディアは、メイ首相が10日朝、ロンドンの首相官邸から閣僚と電話会議を行い、ＥＵからの離脱の条件を定めた離脱協定案について、11日夜に予定されていた議会での採決を見送る方針を固めたと伝えました。メイ首相は、日本時間の11日午前０時半に議会で声明を発表するということです。離脱協定案をめぐっては、今月４日から議会で審議が行われていて、メイ首相は、「承認されなければ憲政史上、前例のない混乱に陥る」などと訴え、議員に対し、支持を求めていました。しかし、与野党双方の議員の批判はやまず承認される可能性は低いとの見通しが広がっていて、与党内からは、採決の日程の見直しを求める声があがっていました。最大野党・労働党のコービン党首は、ツイッターに、「メイ首相がＥＵと合意した案があまりにもひどいため、採決が延期に追い込まれた」と投稿しました。イギリスで政権の重要な議題の審議が始まった後、採決が延期されるのは異例のことで、政治の混乱がさらに広がることが予想されます。
住宅火災２人死亡 札幌,2018年12月10日,10日夜、札幌市豊平区の住宅で火事があり90代の女性と60代の男性の合わせて２人が病院に搬送されましたが、死亡しました。警察は、この家に住む親子とみて確認を進めています。10日夜８時20分ごろ、札幌市豊平区月寒東２条７丁目にある住宅から火が出ていると消防に通報がありました。消防車など30台余りが出て消火活動を行い、火はおよそ４時間後に消し止められましたが、２階建ての住宅およそ160平方メートルが全焼しました。この火事で、90代の女性と60代の男性の合わせて２人が病院に搬送されましたが、およそ１時間後に死亡しました。この家に住む親子と連絡が取れなくなっていて、警察は、死亡したのはこの親子とみて確認を進めています。また、火を消そうとした男性１人も窓ガラスで頭を切るけがをしました。
サッカーの南米王者決める大会 最後はヨーロッパで決着,2018年12月10日,サッカーの南米クラブチームの王者を決める大会の決勝は、アルゼンチンで行われるはずでしたが、第２戦は、サポーターの暴力が原因で２度も延期され、結局、ヨーロッパのスペインに会場を移して、ようやく決着がつきました。サッカーの南米クラブチームの王者を決める大会、「コパ・リベルタドーレス」のことしの決勝は、「リバープレート」と「ボカ・ジュニアーズ」というアルゼンチンの人気チームどうしの顔合わせとなりました。ところが、先月の第２戦の開始前に、「リバープレート」のサポーターの一部が「ボカ・ジュニアーズ」の選手が乗ったバスに石や瓶を投げつけ、さらに警察と衝突し、「ボカ・ジュニアーズ」の選手がけがをする事態となり、第２戦は延期されました。そのあとも、「ボカ・ジュニアーズ」側が、「暴力の影響で選手の体調が万全でない」と訴えたために、もう一度延期されました。結局、第２戦は、会場をアルゼンチンからスペインのマドリードに移すという異例の措置がとられ、９日、厳重な警備態勢の中、「リバープレート」が３対１で勝ち、初戦と合わせた合計スコア５対３で「ボカ・ジュニアーズ」を下し、４度目の南米王者に輝きました。こうして、会場を南米からヨーロッパに移してようやく決着がついたことしの「コパ・リベルタドーレス」ですが、第２戦をテレビで観戦することになったアルゼンチンでは、またもや、祝杯をあげていた「リバープレート」のサポーターの一部が警察と衝突したということです。
ノーベル平和賞の授賞式 性暴力の根絶に向けて行動を,2018年12月10日,ことしのノーベル平和賞の授賞式がノルウェーの首都オスロで行われ、受賞したコンゴ民主共和国の医師とイラクの人権活動家はスピーチで、紛争下の性暴力の根絶に向け国際社会に積極的な行動をとるよう呼びかけました。ノーベル平和賞の授賞式は日本時間の午後９時からオスロの市庁舎で行われました。受賞したのは、紛争が続くアフリカ中部のコンゴ民主共和国で性暴力の被害を受けた女性の治療や保護に長年あたってきたデニ・ムクウェゲ医師と、過激派組織ＩＳ＝イスラミックステートによる凄惨（せいさん）な性暴力の実態をみずからの経験をもとに世界に訴えてきたイラクの少数派、ヤジディ教徒の人権活動家、ナディア・ムラドさんの２人で、記念のメダルと賞状が手渡されました。このあと、２人はスピーチを行い、紛争下の性暴力の根絶に向け国際社会に積極的な行動をとるよう呼びかけました。このうち、ムクウェゲ氏は、紛争の原因になっている鉱物資源は世界中に流れ込んでいて、「消費者として、気にかけるべきだ」と指摘したうえで、「見て見ぬふりをすることはしないでほしい。行動するとは無関心でいることを拒否することで、無関心に対する闘いこそが求められている」と訴えました。また、ナディアさんは、ヤジディ教徒の虐殺や性暴力を繰り返したＩＳの戦闘員に裁きを受けさせることが重要だとしたうえで、「私はさらなる同情を求めていない。行動に変えることを求めている。正義がなされなければ、悲劇が繰り返される。正義こそが平和を得る唯一の手段だ」と訴えました。そして、ＩＳに拘束された3000人以上の女性や子どもたちの行方がいまだ分からないとして救出を呼びかけるとともに「国際社会には、人権を保護し、少数派や女性と子どもを守る責任がある」と訴えました。
巨人 原辰徳氏の野球殿堂入り祝う会,2018年12月10日,プロ野球巨人のスター選手として活躍し、監督としてもチームを３回の日本一に導いて、ことし10月に監督に復帰した原辰徳氏の野球殿堂入りを祝う会が、10日夜、東京都内で開かれました。原氏は現役時代、巨人のスター選手として活躍し、通算382本のホームランをマーク、また監督としても、巨人を３回の日本一と７回のリーグ優勝に導き、2009年に行われた第２回のＷＢＣ＝「ワールド・ベースボール・クラシック」では日本代表の監督を務めて大会連覇を達成しました。原氏はこうした実績を評価されてことし、野球殿堂入りを果たし、10日夜、東京都内のホテルで行われた殿堂入りを祝う会には、巨人ＯＢでソフトバンクの王貞治球団会長や、渡辺恒雄元オーナーなど、560人が集まりました。あいさつした原氏は「子どものころ、長嶋さんや王さんに憧れ、巨人に入りたいという夢を持ち、選手として15年、コーチと監督として15年、周りの方々の支えがあって、合わせて30年間、巨人のユニフォームを着ることができた」と感謝の気持ちを述べました。そのうえで、巨人の監督として３回目の指揮をとることについて、「帰ってくる場所は巨人しかないと思っていたので、監督を引き受ける決断には何の妨げもなかった。巨人ＯＢの代表として戦っていきたい」として、５年ぶりのリーグ優勝に向け、決意を新たにしていました。
日産 西川社長「会社のガバナンスを健全化していく」,2018年12月10日,日産自動車の西川廣人社長は、法人としての日産が起訴されたことについて10日夜、記者団に対し「法人としての当社の責任を負うべきと覚悟してきたし、結果として会社としての信用も傷つけると覚悟していた。重大な不正を確実に取り除き、将来に向けて会社のガバナンスをより健全なものにしていくことがなにより会社の将来にとって大事だと思っている」と述べました。そのうえで、記者団から社長としての責任を問われたのに対して「ガバナンスに手を打つことが待ったなしの課題であり、会社としては進展があり次第、皆さんにお伝えする」と述べました。
「イギリスは離脱通知の撤回可能」 ＥＵの裁判所が判断,2018年12月11日,イギリスによるＥＵ＝ヨーロッパ連合からの離脱をめぐる手続きの引き金となった離脱通知について、ＥＵの裁判所は10日「イギリスは一方的に撤回することができる」とする判断を示しました。離脱をめぐる一連の手続きの直接の引き金となった離脱の通知について、ＥＵ側はこれまで「撤回するには、他の27か国の同意が必要だ」と主張してきましたがＥＵの基本条約には明記されていません。このため、離脱に反対するスコットランドの議員が去年、イギリスは他の国の同意がなくても通知を撤回できるのかどうか、ＥＵの最高裁判所にあたるＥＵ司法裁判所に判断を仰いでいました。これについてＥＵ司法裁判所は10日「イギリスは一方的に離脱通知を撤回することができる」との判断を示しました。そのうえで、離脱通知の撤回が可能なのは、ＥＵとの離脱協定が発効するまでか、あるいは、離脱協定がない場合には、通知から２年間の交渉期間が終了するまでだとしています。メイ首相はこれまで国民投票で示された民意を尊重するとして離脱を撤回する意思は示していません。ただ、他の加盟国の同意がなくても一方的に離脱通知を撤回することが可能だという司法判断が示されたことで、イギリス国内のＥＵ残留派を勢いづかせることにつながるのか注目されています。
日台経済の懸け橋 江丙坤氏死去,2018年12月11日,東京スター銀行の会長で、外交関係のない日本と台湾の経済強化に取り組んできた江丙坤氏が10日、台北市内で亡くなりました。85歳でした。日本統治時代に生まれた江丙坤氏は、流ちょうな日本語を操り、日本と台湾が断交した当時、東京の大使館で勤めていたほか、台湾に戻ったあとも日台の経済関係強化に取り組み、経済担当の閣僚だった1999年には、日台間の企業交流会を設立してのちに代表に就任するなど、日本の政財界との間で幅広い人脈を築いてきました。また、2014年からは台湾の大手銀行の傘下にある東京スター銀行の会長を務めていました。台湾の企業関係者を率いて日本を訪問したり日本企業の訪問団を受け入れたりするなど、積極的に日台経済の懸け橋になっているとして、2015年には旭日重光章を受章しています。江氏は、国民党の馬英九政権のもとで中国と台湾の経済交流を発展させたことでも知られ、2008年におよそ10年ぶりに再開された窓口機関どうしの公式対話で、直行チャーター便の運航拡大や中国大陸の観光客の台湾旅行の解禁などを取りまとめました。江氏は、今月８日、会合に出席していた台北市内のホテルで倒れ、搬送先の病院で治療を受けていましたが、10日亡くなりました。85歳でした。
本庶さんにノーベル賞のメダル授与,2018年12月11日,ことしのノーベル賞の授賞式がスウェーデンのストックホルムで行われ、医学・生理学賞に選ばれた京都大学特別教授の本庶佑さんにスウェーデン国王から記念のメダルと賞状が贈られました。授賞式はスウェーデンの首都ストックホルムにあるコンサートホールで行われ、本庶さんは羽織はかまの和服姿で、きらびやかな着物を着た妻の滋子さんとともに専用の車で到着しました。そして、日本時間の11日午前０時半すぎから授賞式が始まり、本庶さんは音楽が流れる中、各賞の受賞者とともに入場しました。授賞式では、はじめにノーベル財団のカール・ヘンリック・ヘルディン理事長が「人権の在り方が国際的な問題となったり、国家主義が高まったりする今の世界の状況で、事実だけを追求する科学は重要な意義がある」と述べました。このあと、医学・生理学賞の選考委員ががんの免疫療法の意義をオーケストラの演奏で表現し、がんに対する免疫が十分に働いていない状態を小さく弱々しいメロディーで表したのに対し、免疫療法を使った時の状態を大音量の迫力ある演奏で表して違いを説明し、その業績をたたえました。そして、本庶さんと、共同で受賞するアメリカのジェームズ・アリソン博士の名前が呼ばれて２人は立ち上がりました。本庶さんがステージの中央に進み出ると、ファンファーレが鳴り響き、スウェーデンのグスタフ国王から記念のメダルと賞状が贈られました。本庶さんは感慨深い表情でメダルと賞状を受け取って固く握手し、会場にむかって頭を下げると、大きな拍手に包まれていました。会場では妻の滋子さんが招待者の席に座って見守っていました。日本人がノーベル賞を受賞したのはアメリカ国籍を取得した人を含めて26人目で、医学・生理学賞では５人目です。
ノーベル平和賞授賞式 性暴力の根絶呼びかけ,2018年12月11日,ことしのノーベル平和賞の授賞式がノルウェーの首都オスロで10日行われ、受賞したコンゴ民主共和国の医師とイラクの人権活動家はスピーチで、紛争下の性暴力の根絶に向け国際社会に積極的な行動をとるよう呼びかけました。ノーベル平和賞の授賞式は、日本時間の昨夜、オスロの市庁舎で行われました。受賞したのは、紛争が続くアフリカ中部のコンゴ民主共和国で性暴力の被害を受けた女性の治療や保護に長年あたってきたデニ・ムクウェゲ医師と、過激派組織ＩＳ＝イスラミックステートによる凄惨（せいさん）な性暴力の実態をみずからの経験をもとに世界に訴えてきたイラクの少数派、ヤジディ教徒のナディア・ムラドさんです。２人には記念のメダルと賞状が手渡され、それぞれスピーチを行いました。このうち、ナディアさんは、「きょうは、私にとって特別な日です。善が悪に勝利し、迫害に苦しんできた女性や子どもたちが罪を犯した者に打ち勝った日です」と受賞の思いを語りました。そのうえで、「私はさらなる同情は求めていません。行動に変えることを求めています。正義がなされなければ、悲劇が繰り返されます。正義こそが平和を得る唯一の手段です」と述べて、ＩＳの戦闘員に裁きを受けさせることが重要だと訴えました。また、ムクウェゲ医師は、コンゴの紛争の原因になっている鉱物資源は、世界中に流れ込んでいて「消費者として、気にかけるべきだ」と指摘したうえで、「見て見ぬふりをすることはしないでほしい。無関心に対する闘いこそが求められています」と訴えました。そして紛争を食い止め、性暴力の根絶に向け、国際社会に積極的な行動をとるよう呼びかけました。
ロシア副首相 北方領土問題めぐり強い姿勢強調,2018年12月11日,北方領土問題をめぐり、日本とロシアは、日ソ共同宣言を基礎に交渉を加速させると合意しましたが、ロシアの副首相は「両国の首脳は、島の引き渡しに関わる問題はこれまでいっさい議論していない」と述べ、強い姿勢で交渉に臨むと内外に強調しました。
憲法改正案提示見送り 通常国会で議論進むか不透明,2018年12月11日,臨時国会は10日閉会し、自民党が目指した４項目の憲法改正案の提示は見送られました。安倍総理大臣は、再来年を新しい憲法が施行される年にしたいという考えに変わりはないとしましたが、来年は参議院選挙を控え、通常国会で議論が進むかは不透明です。憲法改正をめぐって、自民党は10日閉会した臨時国会で「自衛隊の明記」など４項目の憲法改正案を提示することを目指していました。しかし、与野党の対立などから、憲法審査会で実質的な審議は１度も行われず、自民党の改正案の提示は見送られ、来年の通常国会に持ち越されることになりました。これを受けて、安倍総理大臣は記者会見で、再来年2020年を新しい憲法が施行される年にしたいという考えに変わりはないとしながらも、スケジュールは国会次第で、予断を持つことはできないと述べました。来年は参議院選挙などを控え、連立を組む公明党の山口代表は、与野党で合意形成を図る余裕はないとして、国会で憲法改正を発議するのは難しいという認識を示しています。また、野党側は、参議院選挙を前に対決姿勢を強めることが予想され、来年の通常国会で憲法論議が進むかは不透明です。
「無所属の会」が立民の会派に 野党勢力の連携促すとの見方も,2018年12月11日,旧民進党の出身者らでつくる衆議院の会派「無所属の会」が、立憲民主党の会派に加わる方針を確認したことを受けて、野党内には、安倍政権に対じするため、野党勢力の連携を促すきっかけになるのではないかといった見方も出ています。10日の臨時国会の会期末に合わせて、岡田元外務大臣が代表を務め、旧民進党の出身者ら13人でつくる衆議院の会派「無所属の会」は、所属議員の個別の判断で、今後、野党第１党の立憲民主党の会派に加わる方針を確認しました。岡田氏は記者会見で「今の野党は、こう着状況に陥っており、打破するための決断や行動を考えなければいけないのは、われわれの共通認識だ」と述べました。これを受けて、野党内には「旧民進党の勢力が結集していく過程の１つだ」という意見が出るなど、来年の通常国会で安倍政権に対じするため、野党勢力の連携を促すきっかけになるのではないかといった見方も出ています。一方、来年の参議院選挙に向けて、野党側は、定員が１人の「１人区」で候補者の一本化を目指す方針ですが、立憲民主党などは、共産党が呼びかけている政党間の議論には慎重な立場を崩しておらず、調整の難航も予想されます。
ふるさと納税装い現金振り込み求める偽サイトに注意を,2018年12月11日,ふるさと納税の寄付を呼びかけるように装って、現金の振り込みを求める偽のウェブサイトが全国各地で相次いで見つかっていて、それぞれ県や自治体は、偽のサイトに入金しないよう、注意を呼びかけています。このうち、宮崎県では10日までに、都城市や都農町など６つの自治体の偽のウェブサイトが見つかりました。都城市に寄付を呼びかける偽のサイトでは、特産の牛肉や豚肉などを返礼品として扱う複数のプランが紹介され、寄付額を横棒で消して、その隣に２、３割ほど低い金額が書かれ、現金の振り込みを求めています。宮崎県では偽のサイトの特徴として、正規の寄付金額の割引を宣伝文句にしていたり、振込先の名義が個人名になっていたりすることを挙げています。ふるさと納税の寄付を呼びかけるように装った偽のサイトは、ほかにも、福岡県や大分県、それに香川県など全国各地で見つかっていて、中には偽のサイトに寄付を申し込んだという人から、「返礼品が届かない」という連絡を受けた自治体もありました。年末の時期は、ふるさと納税の寄付の申し込みが増える時期で、それぞれの県や自治体ではホームページなどで注意を呼びかけています。宮崎県市町村課の島田浩二主幹は「おかしいと感じた場合は寄付先の市町村に確認するなど注意してほしい」と話しています。
順天堂大学医学部入試 大学の釈明に批判の声,2018年12月11日,順天堂大学は医学部の入試で女子受験生に不利な判定をしたことを認めて、謝罪しました。しかし、その理由について、「女子のほうがコミュニケーション能力が高いため補正した」などと釈明したことについては、批判する声が上がっています。
タイヤチェーン装着義務化 全国の13区間公表,2018年12月11日,大雪による大規模な立往生を防ぐため、国土交通省は、タイヤへのチェーンの装着を義務づける全国の13区間を公表しました。ことし２月の大雪では、福井県から石川県にかけての国道８号線で、およそ1500台の車が動けなくなり、解消までに３日間かかるなど、近年、大規模な立往生が相次いでいます。このため国土交通省は、大雪が予想される際には過去に大規模な立往生が発生した区間などで、タイヤへのチェーンの装着を義務づけることにしていて、対象となる全国の13の区間を公表しました。
産業革新投資機構への資金 経産省が取り下げへ,2018年12月11日,国が主導する官民ファンド「産業革新投資機構」の田中社長ら取締役９人が辞任する見通しとなったことで、新規の投資業務は当面、困難になるとして、経済産業省は来年度予算案で求めていた機構への資金を全額、取り下げる方針を固めました。
坂道に停車中のスクールバス動きだし４人死亡 香港,2018年12月11日,香港で、坂道に停車していたスクールバスが突然動きだし、道路にいた人を次々とはねて、男女４人が死亡、11人がけがをしました。香港で、10日午後、坂道に停車していたスクールバスが、運転手が席を離れた直後に突然動き出し、道路にいた人を次々にはねました。地元メディアによりますと、バスは、下り坂を100メートルほど走ったところで商店にぶつかって止まったということで、現場の映像では、バスが動きだしたことに気付いた運転手が必死に止めようとするものの、坂道を加速しながら下っていく様子が写っています。当時、バスには誰も乗っていませんでしたが、この事故で、道路を歩いていた男女４人が死亡したほか、バスの運転手など11人がけがをして病院に搬送されたということです。現場は、香港島にある住宅や商店などが立ち並ぶ通りで、警察は、バスのサイドブレーキが十分にかかっていなかった可能性もあるとして事故の原因を調べています。
ファーウェイ幹部保釈可否の審問再開 カナダ,2018年12月11日,アメリカの要請によってカナダで逮捕された中国の通信機器大手ファーウェイの幹部の勾留を続けるかどうかの審問がカナダの裁判所で再開されました。制裁下のイランとの不正取り引きを主導したとして詐欺の疑いが持たれ、アメリカと中国の対立の新たな火種となりかねない事件の行方に世界的な注目が集まっています。中国のファーウェイの財務の責任者で副会長の孟晩舟氏（46）は、今月１日、カナダ西部のバンクーバー国際空港で、アメリカの要請を受けたカナダ当局に逮捕されました。バンクーバーにある裁判所で10日、孟氏の勾留を続けるかどうかの審問が、７日に続いて本人が出廷して日本時間の午前３時すぎに始まりました。アメリカ政府の代理で法廷に立ったカナダの検察当局者は、孟氏の容疑について、ファーウェイの関係会社を通じて2009年から2014年にかけて、制裁下のイランの通信会社に機器を販売した際に、アメリカの複数の金融機関に虚偽の説明をしたとして、詐欺の疑いがあると主張しています。そのうえで、保釈すれば国外逃亡のおそれがあるとしてアメリカに身柄を引き渡すまで勾留を続けるよう求めています。これに対して孟氏側は、中国の信用にかかわるため、国外逃亡のおそれはないとして保釈を求めています。審問にはこの日も各国の記者が取材に訪れ、アメリカと中国の対立の新たな火種となりかねない事件の行方に世界的な注目が集まっています。
中国で「となりのトトロ」上映へ,2018年12月11日,日本のアニメーション映画界を代表する宮崎駿監督の作品、「となりのトトロ」が、日本で公開されてから30年となることし、中国各地の映画館で初めて正式に上映することになり、上海で発表会が開かれました。宮崎駿監督の「となりのトトロ」は、1988年に日本で公開されてから30年となる節目の年に合わせて、中国の映画館で正式に輸入された作品が上映されることになり、10日、上海で発表会が開かれました。発表会には、スタジオジブリの星野康二会長が出席し、「描かれている自然の風景や登場する家族のやり取りなど、たくさんのいいところを見つけていただきたい」とあいさつしました。中国ではこれまで、「となりのトトロ」などスタジオジブリの作品は、許可を得て正式に上映されたことはないということですが、違法にコピーされた映画を多くの人が見るなどしているため知名度は高く、関係者は、正式上映を通して改めて作品のよさを知ってほしいとしています。10日夜は先行上映会も行われ、およそ1000人が作品を楽しんでいました。小学生の娘と映画を見た女性は、「宮崎駿監督の作品のファンは中国にとても多くいますし、こうしたとてもよい外国のアニメがもっと上映されるといいです」と話していました。映画は、今月14日から中国各地のおよそ6000の映画館で上映されるということです。
消費増税で５％還元 反対45％と賛成上回る NHK世論調査,2018年12月11日,消費税率引き上げ後の消費の冷え込みを抑えるため、中小の小売店などで現金を使わずに買い物をした場合に５％分のポイントを還元する政府の方針について、ＮＨＫの世論調査で聞いたところ、反対が45％と賛成を大きく上回りました。ＮＨＫは、今月８日から２日間、全国の18歳以上の男女を対象に、コンピューターで無作為に発生させた固定電話と携帯電話の番号に電話をかける「ＲＤＤ」という方法で世論調査を行いました。調査の対象となったのは1951人で、55％にあたる1074人から回答を得ました。それによりますと、来年10月に、消費税率を予定どおり10％に引き上げることについて、「賛成」が29％、「反対」が36％、「どちらともいえない」が27％でした。消費税率引き上げ後の消費の冷え込みを抑えるため、中小の小売店などで現金を使わずにクレジットカードなどで買い物をした場合、５％分のポイントを還元する政府の方針について、「賛成」が14％、「反対」が45％、「どちらともいえない」が31％でした。また、住民税が非課税の世帯などを対象に、購入額よりも多い額の買い物ができる「プレミアム付き商品券」の発行については、「賛成」が24％、「反対」が31％、「どちらともいえない」が37％でした。このほか、東京など大都市への税収の偏りを是正するため、政府・自民党が、企業が自治体に納める地方法人税の一部を、地方に再配分する方向で調整を進めていることについて、「賛成」が32％、「反対」が12％、「どちらともいえない」が43％でした。
東日本大震災から７年９か月,2018年12月11日,東日本大震災の発生から11日で７年９か月です。警察がこれまでに確認した死者と行方不明者は１万8431人となっています。また、避難生活などで亡くなったいわゆる「震災関連死」は国のまとめで3600人以上と、「関連死」を含めた震災による死者と行方不明者は２万2000人を超えています。警察庁によりますと、警察によって死亡が確認された人は宮城県が9542人、岩手県が4674人、福島県が1614人、茨城県が24人、千葉県が21人、東京都が７人、栃木県と神奈川県がそれぞれ４人、青森県が３人、山形県が２人、北海道と群馬県がそれぞれ１人で、合わせて１万5897人となっています。死亡した人の99％は身元が確認されましたが、岩手県と宮城県では依然として60人の身元が分かっていません。また、警察に届け出が出ている行方不明者は宮城県が1220人、岩手県が1114人、福島県が196人、千葉県が２人、青森県と茨城県がそれぞれ１人で、合わせて2534人となっています。一方、復興庁によりますと、避難生活による体調の悪化などで亡くなったいわゆる「震災関連死」はことし３月末の時点で福島県で2227人、宮城県で927人、岩手県で466人、茨城県で42人、千葉県で４人、神奈川県と長野県でそれぞれ３人、山形県で２人、東京都と埼玉県でそれぞれ１人の少なくとも合わせて3676人となっています。福島県と茨城県では「震災関連死」で亡くなった人が津波など震災の直接の影響で死亡した人の数を上回っています。これで東日本大震災による死者と行方不明者は「震災関連死」を含めて少なくとも合わせて２万2107人となっています。
女子学生の遺体遺棄容疑で逮捕の男 好意抱き殺害か,2018年12月11日,東京練馬区の20歳の女子学生とみられる遺体を遺棄したとして27歳の男が逮捕された事件で、女性に好意を抱いていたが殺害したという内容の男のメモが見つかっていたことが捜査関係者への取材でわかりました。警視庁は、男が女性に好意を抱く中で殺害に至ったとみて調べています。住所不定で無職の熊澤義信容疑者（27）は、今月３日から９日にかけて、東京練馬区平和台のマンションから女性の遺体を運び出し、福島県いわき市に車で運んで遺棄したとして逮捕されました。警視庁は、遺体で見つかったのは、ここに住む専門学校生の谷口夏希さん（20）とみて確認を進めています。これまでの調べで、熊澤容疑者は谷口さんの殺害についてもほのめかしているということですが、その後の調べで、熊澤容疑者が作ったメモがＡ４用紙で合わせて９枚、部屋から見つかっていたことが捜査関係者への取材でわかりました。メモには、谷口さんに好意を抱いていたことや、殺害したこと、さらに自殺をほのめかす内容が記されていたということです。警視庁は、熊澤容疑者が谷口さんに好意を抱く中で殺害に至ったとみて詳しい経緯を捜査しています。
ＣＯＰ24 アメリカ政府イベントで若者が次々と批判,2018年12月11日,ＣＯＰ24では「パリ協定」から離脱する方針を示しているアメリカのトランプ政権に対し温暖化対策に後ろ向きな姿勢を続けているとして反発が強まっています。10日には会場内でアメリカ政府が石炭や天然ガスなど化石燃料の重要性を訴えるイベントを開催したところ、若者たちによる抗議のパフォーマンスで一時中断する事態になりました。イベントでは冒頭、司会のアメリカ政府の高官が「これからも多くの国が自国のエネルギーを賄うため、化石燃料を使い続けるだろう」と発言すると会場の前方に座った若者たちが一斉に笑い出し、会場にいた１人が「そんなのジョークだろ！」という発言とともに立ち上がりました。そしてこれを合図に、座っていた若者たちが次々と立ち上がり、「化石燃料は地下に埋めておけ」と連呼しました。また、若者ら数人がマイクを握ってトランプ政権への批判を行い、このうちインド人の23歳の女性は「化石燃料を支持する愚か者をこれ以上信じてはいけない」と声を上げていました。このあと若者たちは警備員に促されるまで10分ほど合唱を続けました。抗議のパフォーマンスに参加したアメリカ人の19歳の男性は、「アメリカ政府は利益しか考えずに安い化石燃料を使い続け、温暖化から国民を守るつもりがない」と述べてトランプ政権を批判していました。
日本車の輸入台数に規制要求も 米の公聴会,2018年12月11日,アメリカの通商代表部は、日本との貿易協定の締結に向けた交渉が来月にも始まるのを前に、産業界から意見を聞く公聴会を開き、日本車の輸入台数に数量規制を求めるなど厳しい要求が相次ぎました。日米の貿易協定の締結に向けた交渉が来月にも始まるのを前に、アメリカの通商代表部は10日、ワシントンで公聴会を開き、製造業や農業の業界団体の代表が意見を述べました。この中で、自動車分野では、日本車の輸入台数に数量規制を設けることや、日本が輸出を有利にするため通貨安に誘導する為替操作を防ぐ条項の導入を求める意見が出ました。さらに、牛肉や豚肉などアメリカ産の農作物に課されている関税の引き下げや撤廃を求めたり、関税の分野以外でも、知的財産権の保護に関するルールの整備を求めたりする意見も出ました。日本の貿易をめぐっては、今月30日に離脱したアメリカを除く、11か国と締結したＴＰＰ＝環太平洋パートナーシップ協定が発効するほか、来年２月にはＥＵ＝ヨーロッパ連合と締結したＥＰＡ＝経済連携協定が発効する見込みになっています。公聴会では、このままでは日本への輸出が不利になるとしてＴＰＰなどで日本が譲歩した内容を上回る市場開放を求める厳しい意見が相次ぎ、トランプ政権がどのような要求を掲げて交渉に臨むのか注目されます。
インド中央銀行総裁が辞任 モディ政権との対立が背景か,2018年12月11日,好調なインド経済のかじ取り役を務めるインドの中央銀行の総裁が、任期途中で異例の辞任を表明しました。辞任の理由を個人的な事情としていますが、中央銀行の独立性をめぐってモディ政権との対立が続いていて、経済や株価への影響が懸念されています。インドの中央銀行にあたる準備銀行のパテル総裁は、10日、「個人的な事情から辞任することを決めた」とする声明を発表しました。おととし就任したパテル総裁の任期は来年９月までで、任期途中で辞任するのは異例のことです。パテル総裁は、７％を超える高い経済成長が続く好調なインド経済のかじ取り役として国内外の投資家などから高い評価を得ていました。しかし、銀行の貸し出し基準を緩和させることなど金融機関の監督に介入を求めるモディ政権に対して、「中央銀行の独立性が損なわれる」として反発を強めていて、こうした対立が辞任の背景にあるとみられています。今後、経済や株価への影響が懸念され、来年予定されている総選挙で高い経済成長を実績としてアピールしたいモディ政権にとって痛手となりそうです。
中国の裁判所 ｉＰｈｏｎｅ一部機種の販売差し止め認める,2018年12月11日,中国の知的財産を扱う裁判所は、アメリカの大手半導体メーカー、クアルコムがアップルに特許を侵害されたとして、アップルのスマートフォンの中国での販売の差し止めを求めた申し立てを認める判断を示しました。アメリカの大手半導体メーカー、クアルコムは10日、中国南部・福建省にある知的財産を扱う裁判所が、アップルのｉＰｈｏｎｅの一部の機種について、中国での販売差し止めを命じる仮処分を出したと発表しました。販売差し止めの対象は、ｉＰｈｏｎｅ「７」や「８」、それに「Ｘ」など７つの機種です。クアルコムは、これらのｉＰｈｏｎｅに搭載された写真の編集や画面のタッチ操作の機能についてアップルが自分たちの特許を侵害していると主張していました。クアルコムとアップルの間では、特許をめぐってアメリカを含めた各地で法的な争いが続いていて、クアルコムは、「アップルはわれわれの知的財産から利益を得ながら、対価を支払っていない」とコメントしています。
移民対応の国際会議 国際協力の枠組み文書が採択,2018年12月11日,難民とともに急増し、世界的な課題となっている移民への対応を話し合う国際会議が北アフリカのモロッコで開かれ、国連の主導で初めてまとめられた国際協力の枠組み文書が採択されました。モロッコのマラケシュで10日、移民に関する国際会議が開かれ、日本を含む164か国が出席しました。会議では、ことし７月に、アメリカを除くすべての国連加盟国が合意した移民への対応に関する国際協力の枠組み文書の草案が諮られ、議長が異議なしと認め、採択を宣言しました。採択された文書は、移民の人権を強調し、正規の移住をより多く、柔軟に認めること、移民が基本的な住民サービスを受けられるようにすること、移民の人身売買を根絶することなど23項目の目標を立てています。ただ、法的な拘束力はなく、国の主権の制限につながるのではないかという懸念にも配慮して、移民政策は各国が主権に基づいてそれぞれ決めるものだと改めて確認しています。しかし、アメリカのトランプ政権が自国の方針と相いれないとして、去年、交渉から離脱したほか、厳しい移民政策をとるハンガリーやオーストリアなども自国の主権を危うくしかねないなどとして反対に回り、欠席しました。国連によりますと、合わせて10か国がこの文書を拒否し、さらにイタリアやスイスなど６か国が反対するか検討しているということで、移民に対する共通理解を持つことの難しさもうかがわせました。これについて国連のグテーレス事務総長は、「この文書に心配する内容はない。反対した国々も将来、共通の取り組みに参加してくれると期待している」と述べました。
ＣＯＰ24 日本の自治体が温暖化対策をＰＲ,2018年12月11日,地球温暖化対策の会議「ＣＯＰ24」で国家のレベルとは別に、自治体や企業が行う取り組みが注目される中、日本の自治体が、独自に進める温暖化対策をＰＲしました。ポーランドで開かれているＣＯＰ24の会場では10日、世界の自治体で作る組織が自治体の温暖化対策を紹介するイベントを開きました。温暖化対策をめぐっては、各国の温室効果ガスの削減目標を引き上げる必要性が指摘される中、自治体や企業が国家より先行して、独自に対策を強化する動きが強まり、注目されています。イベントには、日本からは長野県や横浜市などが参加し、このうち、長野県の中島恵理副知事は県独自で日本政府よりも野心的な温室効果ガス削減の目標を掲げ、県内の木材資源をいかして木くずなどを燃やすバイオマス発電の導入を進めていることなどをＰＲしました。また、横浜市の小林一美副市長は「脱炭素社会に向けた転換を進めている」と述べ、市内にモデル地区を設けて、およそ20社の企業に電気自動車の導入を促すなど、企業とともに対策を積極的に行っていると強調しました。イベントに訪れたメキシコの交渉官は「日本は１人当たりの温室効果ガスの排出が多い。自治体レベルで行動することは日本の排出を減らすことにつながると思う」と評価していました。
いずも空母化 常時搭載の戦闘機部隊は設けず 政府・自民党,2018年12月11日,新たな「防衛計画の大綱」に向けた与党の作業チームで、公明党が、空母の役割も担う「多用途運用護衛艦」の導入の了承を３度見送ったのを踏まえ、政府・自民党は、この護衛艦に常時搭載する戦闘機部隊は設けないことなどを説明し、了承を得たいとしています。新たな「防衛計画の大綱」に向けて、与党の作業チームは、中国の海洋進出を念頭に島しょ部の防衛強化のため、自衛隊最大の護衛艦「いずも」を改修して、空母の役割も担う「多用途運用護衛艦」を導入する方針を議論しています。しかし公明党側は「憲法上、保有が許されない『攻撃型空母』と異なることが明確でない」などと懸念を示し、10日まで了承を３度見送っています。これを踏まえ、政府・自民党は、「多用途運用護衛艦」専属の戦闘機部隊は設けず、航空自衛隊が新たに導入する、短距離離陸、垂直着陸型のステルス戦闘機Ｆ35Ｂで構成する部隊は、この護衛艦に常時搭載しないことや、護衛艦の戦闘機の補給・整備能力を攻撃型空母並みとはしないことなどを説明し、近く了承を得たいとしています。そのうえで、作業チームとして、この艦艇は従来の政府見解に基づいた運用を行うことなどを文書として確認する方向で最終調整しています。
仏マクロン大統領 最低賃金引き上げを発表,2018年12月11日,フランスでマクロン政権の改革に抗議するデモが続く中、マクロン大統領は、最低賃金の引き上げなどの対策を打ち出し、事態の沈静化につながるのか注目されます。フランスでは来月予定していた燃料税の引き上げに対する反発をきっかけに、先月半ばからマクロン政権の改革に抗議するデモが続き、一部が暴徒化して商店を壊したり略奪したりする行為が相次いでいます。こうした事態を受けてマクロン大統領は10日、テレビを通じて国民に演説し、「今回の事態を招いたのには私にも責任がある。皆さんのことを最優先にしてこなかったという印象を与えてきたかもしれない」と述べたうえで、「今、フランスは経済的にも社会的にも緊急事態にあり、よりよい暮らしができるフランスを作らなければならない」と述べました。そのうえで、最低賃金の引き上げや、残業代やボーナスを非課税にして手取り給与を増やすなどの対策を打ち出しました。マクロン政権は先週、デモのきっかけとなった燃料税の引き上げについて来年１年間は見送ると発表したものの、先週末も再びデモが行われたことから、新たな対策を迫られた形です。クリスマスを控えたこの時期、パリは例年、観光客や買い物客でにぎわいますが、デモが行われる週末ごとに観光施設やデパートが休業し、治安の悪化への懸念からホテルの予約キャンセルも相次いでいます。４週連続で行われたデモが地元経済にも深刻な影響を及ぼす中、新たな対策が事態の沈静化につながるのか注目されます。
ＣＯＰ24 ファッション産業も温暖化対策取り組みへ,2018年12月11日,世界のファッション産業の40以上の企業や団体が、地球温暖化対策のため温室効果ガスの削減に取り組むことを約束する憲章をまとめ、ほかの企業にも参加を呼びかけました。国連やアパレルメーカーなどは10日、ポーランドで開かれている地球温暖化対策の会議、ＣＯＰ24でファッション産業が協力して温室効果ガスの削減に取り組むことを約束する憲章を発表しました。憲章では2050年までに衣服の生産や輸送などの過程で排出される温室効果ガスをゼロにすることを目指すとしています。具体的な対策として、2025年には生産の現場で、燃料に石炭を利用する施設を設けないことなどを盛り込んでいます。憲章にはドイツのスポーツ用品メーカー「プーマ」やスウェーデンの衣料品専門店「Ｈ＆Ｍ」、イギリスのブランドのバーバリーなど40以上の企業や団体が参加しているということです。プーマの担当者は「世界中の人々が私たちの服を着ている。ファッション産業の気候変動への影響は極めて大きく、直ちに行動に移すために憲章をまとめた」と話し、ほかの企業にも憲章への参加を呼びかけていました。
米政府 北朝鮮高官３人に制裁「深刻な人権侵害や検閲」,2018年12月11日,アメリカ政府は、北朝鮮のキム・ジョンウン（金正恩）朝鮮労働党委員長の側近のチェ・リョンヘ（崔竜海）副委員長ら３人の高官が、深刻な人権侵害や検閲に関わっているとして、制裁を科すと発表しました。アメリカ財務省は10日、北朝鮮の３人の高官が国内での深刻な人権侵害や検閲に関わっているとして、アメリカ国内の資産を凍結するなどの制裁を科すと発表しました。制裁を科されるのは、キム・ジョンウン朝鮮労働党委員長の側近のチェ・リョンヘ副委員長や、党の宣伝扇動部長を務めるパク・クァンホ副委員長など３人です。ムニューシン財務長官は声明で、「北朝鮮の人権侵害や検閲、国民に対する抑圧は体制による残忍なもので、３人はそれを指揮した」と非難しています。また、今回の制裁は、北朝鮮に１年以上拘束されて去年死亡したアメリカ人大学生のオットー・ワームビアさんに対する北朝鮮の残忍な行為も再認識させるものだとしています。トランプ大統領は、来年１月か２月に２回目の米朝首脳会談を開く考えを示していますが、北朝鮮は経済制裁の緩和などを求め、非核化に向けた協議は進んでいません。ことし６月の米朝首脳会談のあとアメリカが、人権侵害などを理由に北朝鮮の高官に制裁を科すのは今回が初めてで、北朝鮮がいらだちを募らせることも予想されます。
ＮＡＳＡの探査機 着陸予定の小惑星に水の成分発見,2018年12月11日,ＮＡＳＡ＝アメリカ航空宇宙局は、探査機が着陸する予定の小惑星から水の成分が見つかったと発表しました。ＮＡＳＡは、この小惑星から、46億年前に太陽系ができた当時のままの有機物など、貴重な資料が得られる期待が高まっているとしています。ＮＡＳＡの小惑星探査機、「オシリス・レックス」は今月、地球から１億2000万キロ余り離れた小惑星「ベンヌ」の上空に到着しました。ＮＡＳＡによりますと、探査機で近づく際に赤外線などを使って分析したところ、ベンヌにある粘土から酸素と水素が結びついた分子が見つかったということです。この分子は水の成分の一部で、ベンヌに広く分布し、表面にある物質がかつては水に触れていたことを示しているとしています。ベンヌは、別の小惑星から分裂して誕生したとみられていて、ＮＡＳＡは、もとの小惑星には水が液体の状態で存在していたとみられるとしています。ベンヌの直径はおよそ500メートルと、日本の「はやぶさ２」が観測している「リュウグウ」の半分ほどで、46億年前に太陽系ができた当時のままの有機物が残されている可能性があると考えられています。探査機は、再来年には表面に接近して砂や石を採取し、５年後には地球に持ち帰る計画で、ＮＡＳＡの担当者は「探査の対象としてベンヌはすばらしく、太陽系の成り立ちに迫る貴重な資料が得られそうだ」と期待しています。
「グーグル＋」5250万人情報流出のおそれ 来年４月に終了へ,2018年12月11日,アメリカの大手ＩＴ企業グーグルは、交流サイト「グーグル＋」の利用者およそ5250万人の個人情報が流出するおそれがあったと発表しました。これを受けて、グーグルはサービスの一部を来年４月で打ち切るとしています。グーグルは10日、交流サイト「グーグル＋」の利用者のうち、およそ5250万人の名前や年齢、職業、電子メールのアドレスなどの個人情報が流出するおそれがあったと発表しました。原因は先月行ったソフトウエア更新の際の不具合で、その後、修正し、情報を悪用された形跡は見つからなかったとしています。グーグルは、フェイスブックに対抗して「グーグル＋」を2011年に立ち上げましたが、利用者は伸び悩んでいたうえ、ことし10月にも個人情報流出のおそれが明らかになっていました。このため、グーグルでは、来年８月にこのサービスのうち個人向けのものを終了する予定でしたが、今回の事態を受けて予定を早め来年４月で打ち切ることにしたということです。グーグルのピチャイＣＥＯは11日にアメリカ議会で証言する予定ですが、個人情報の保護をめぐって厳しく追及されるとみられます。
12月分の特別交付税 豪雨や地震で去年比17％増,2018年12月11日,国から地方自治体に年２回交付される特別交付税のうち、今月分は総額3200億円余りで、ことし後半に西日本豪雨や北海道で震度７の揺れを観測した地震などが相次いだため、去年の同じ時期よりも470億円余り、率にして20％近く増えました。
大企業の景気判断 ２期連続プラス 自動車部品など需要増で,2018年12月11日,財務省などが行った法人企業景気予測調査によりますと、ことし10月から今月にかけての景気の見方を示す指数は、大企業でプラス4.3と、２期連続のプラスとなりました。自動車の生産に必要な部品や素材の需要が高まっていることなどが要因です。法人企業景気予測調査は、財務省と内閣府が資本金1000万円以上の企業およそ１万6000社を対象に３か月ごとに行っています。それによりますと、ことし10月から今月にかけての景気について、前の３か月と比べて「上昇した」と答えた企業の割合から「下降した」と答えた企業の割合を差し引いた指数は、大企業の全産業でプラス4.3と、２期連続のプラスとなりました。これは、自動車の生産に必要な部品や素材の需要が高まっていることや、販売価格が上昇していること、それに、建設業が好調で建材の需要が伸びていることなどが要因です。また、今後の見通しは、大企業の全産業で来年１月から３月までがプラス4.7、来年４月から６月までがプラス1.4となっていて、財務省は「景気は緩やかに回復している」としています。
東日本大震災から７年９か月 行方不明者の一斉捜索 福島,2018年12月11日,東日本大震災と原発事故から11日で７年９か月です。福島県内の沿岸では、今も行方が分からない人たちの捜索が行われました。このうち、９人の行方が分かっていない、いわき市平薄磯地区にある海岸では、いわき中央警察署の警察官15人が捜索を行いました。はじめに、全員で海に向かい津波の犠牲者に黙とうをささげました。このあと、くわなどを使って砂浜を掘り起こし、行方が分からない人の手がかりになる物がないか捜しました。警察によりますと、福島県内では津波などで1614人が犠牲となり、今も196人の行方が分かっていません。栃木県警察本部から出向している大島克彦巡査部長は「捜索活動を通じて１人でも多くの人を家族のもとにかえしたい」と話していました。
円相場 いくぶん値下がり,2018年12月11日,11日の東京外国為替市場、円相場はいくぶん値下がりしています。市場関係者は「イギリスでＥＵ＝ヨーロッパ連合からの離脱協定案について議会での採決が延期されたことや、フランスで政権に抗議するデモが続いていることから、ヨーロッパ経済の先行きに懸念が広がっている。ポンドやユーロを売ってドルを買う動きが強まり、この影響で円に対してもいくぶんドル高になっている」と話しています。
官房長官 米の北朝鮮制裁を歓迎,2018年12月11日,アメリカ政府が北朝鮮のキム・ジョンウン（金正恩）朝鮮労働党委員長の側近などに対し、制裁を科すと発表したことについて、菅官房長官は閣議のあとの記者会見で、歓迎する考えを示し、引き続きアメリカ政府と緊密に連携していく考えを示しました。アメリカ財務省は10日、北朝鮮のキム・ジョンウン朝鮮労働党委員長の側近のチェ・リョンヘ副委員長ら３人の高官が国内での深刻な人権侵害や検閲に関わっているとして、アメリカ国内の資産を凍結するなどの制裁を科すと発表しました。これについて、菅官房長官は閣議のあとの記者会見で、「北朝鮮の人権侵害に対する強い懸念を示すものと理解している。北朝鮮の人権・人道問題の解決を目指すアメリカの姿勢を歓迎したいと思う」と述べました。そのうえで、菅官房長官は「わが国としては、米国と引き続き緊密に連携していく考えだが、今後の具体的対応は拉致・核・ミサイルといった諸懸案を包括的に解決するために何が最も効果的であるかという観点から真剣に検討していきたい」と述べました。また、菅官房長官は、今後の米朝首脳会談や拉致問題への影響について「アメリカ政府の措置に対する北朝鮮の反応に、わが国として予断を持ってお答えするのは控えたいと思う」と述べました。
株価 値下がり 世界経済の先行き懸念,2018年12月11日,11日の東京株式市場、株価は値下がりしています。イギリスのＥＵ＝ヨーロッパ連合からの離脱に不透明感が強まるなど世界経済の先行きへの懸念から売り注文が増えています。日経平均株価、午前の終値は、10日の終値より119円20銭安い２万1100円30銭。東証株価指数＝トピックスは、16.83下がって1572.98となっています。トピックスは、取り引き時間中としてことしの最安値を更新し、１年半ぶりの安値水準となっています。午前の出来高は７億3929万株となっています。市場関係者は「米中の貿易協議が難航するのではないかと警戒感が強まっている。また、イギリス議会で11日に予定されていたＥＵからの離脱協定案の採決が延期されることになり、世界経済の先行きへの懸念から売り注文が増えている」と話しています。
相次ぐ不適切入試 文科相 実態解明へ全医学部の調査急ぐ考え,2018年12月11日,全国各地の大学の医学部で不適切な入試が行われていたことが相次いで明らかになっている問題で、柴山文部科学大臣は「大変遺憾だ」と述べたうえで、実態の解明に向けてすべての医学部を対象にした調査を急ぐ考えを示しました。東京医科大学の不正入試問題をきっかけに文部科学省が始めた調査で、各地の大学の医学部で不適切な入試が行われていたことが明らかになり、10日は順天堂大学が、女子受験生や浪人生が不利となるような合否判定を行っていたとして謝罪しました。柴山文部科学大臣は閣議のあとの記者会見で、「公正かつ妥当に実施されるべき大学入試において、このような事態に至っていることは大変遺憾だ。各大学に対しては、まず、受験生の立場に立って早急な対応を取るよう求めていきたい」と述べました。そのうえで、柴山大臣は「現在、すべての医学部を対象にした訪問調査が大詰めの段階であり、準備が整いしだい、速やかに最終取りまとめを公表したい」と述べ、実態の解明に向けてすべての医学部を対象にした調査を急ぐ考えを示しました。
遺骨は震災で不明の当時60歳女性 遺族の元に 宮城 気仙沼,2018年12月11日,宮城県気仙沼市でことし10月に見つかった遺骨が、東日本大震災で行方不明になっていた当時60歳の女性のものと分かり、震災の発生から７年９か月となる11日、遺族に引き渡されました。遺骨が見つかったのは、震災当時、宮城県気仙沼市に住んでいた佐藤才子さん（当時60）です。警察によりますと、ことし10月、気仙沼市で行われている防潮堤工事の現場で遺骨が見つかりました。このため、警察でＤＮＡ鑑定などを進めた結果、佐藤さんのものと確認されたということで、11日、気仙沼警察署で夫の信行さんに引き渡されました。佐藤さんは、市の沿岸部にある杉ノ下地区で指定避難場所の高台に逃げましたが、津波に流され行方がわかっていませんでした。夫の信行さんは「長い間、１人で苦しかっただろうな、つらかっただろうなと思います。７年以上かかりましたが、ようやく帰ってきてくれてうれしいです。きょうは家族だけでゆっくり過ごしたいです」と話していました。警察によりますと、震災の津波で宮城県内では今も1220人の行方がわかっておらず、遺骨が遺族へ引き渡されるのは、県内では９か月ぶりだということです。
東日本大震災から７年９か月 ことし最後の月命日で墓参,2018年12月11日,東日本大震災から11日で７年９か月です。被災地の岩手県陸前高田市にある寺では、家族を亡くした人たちがことし最後の月命日に墓前で手を合わせる姿が見られました。
遺体遺棄容疑で逮捕の男 女子学生の口座から現金引き出しか,2018年12月11日,東京・練馬区の20歳の女子学生とみられる遺体を遺棄したとして、27歳の男が逮捕された事件で、女性が学校を休むなど行方がわからなくなった直後に、銀行口座から現金が引き出されていたことが、捜査関係者への取材でわかりました。警視庁は、男が引き出したとみて調べています。今月３日、東京・練馬区平和台にある学生寮に使われていたマンションから女性の遺体を運び出し、福島県いわき市まで車で運んで遺棄したとして、住所不定で無職の熊澤義信容疑者（27）が10日に警視庁に逮捕されました。警視庁は、ここに住む専門学校生の谷口夏希さん（20）とみて確認を進めています。その後の調べで、谷口さんが先月29日に学校を欠席するなど行方がわからなくなった直後に、谷口さんの銀行口座からほぼ全額にあたる現金およそ６万円が引き出されていたことが、捜査関係者への取材でわかりました。これまでの調べで、熊澤容疑者は、谷口さんに好意を抱いていたが殺害したという内容のメモを残していたということです。警視庁は、熊澤容疑者が逃走資金に使うため谷口さんの口座から現金を引き出したとみて、詳しいいきさつを調べています。
麻生副総理 「はめられた話だ」発言を撤回,2018年12月11日,麻生副総理兼財務大臣は、先週の参議院本会議での自民党議員による野党議員への言動を「はめられた話だ」などとみずから述べたことについて、立法府への介入を意図したものではないとして、発言を撤回する考えを示しました。先週７日の参議院本会議で自民党の麻生派の議員が野党議員にとった言動について、麻生副総理兼財務大臣は９日、北九州市で、「あれで『暴力』と言われたら、とてもじゃない。はめられた話だ」などと述べました。これについて、麻生副総理は11日の閣議のあと記者団に対し、「立法府の話について、われわれがごちゃごちゃ言うつもりで言ったのではない。もし、そういう具合に受け取られたのなら、その点に対しては撤回する」と述べ、発言を撤回する考えを示しました。この発言をめぐっては、立憲民主党の枝野代表が10日、「与党側が事実関係を認め、おわびして、決着がついたはずだったのに、行政府による立法府に対する冒とくだ」と批判するなど、参議院として、麻生副総理に厳しく対処すべきだという考えを示していました。
ノーベル賞 本庶さん 晩さん会でスピーチ,2018年12月11日,ノーベル賞の受賞者を祝福する恒例の晩さん会がスウェーデンのストックホルムで始まり、医学・生理学賞を受賞した京都大学特別教授の本庶佑さんも夫人とともに出席しました。
改憲案は来年の通常国会に提示目指す 自民 萩生田氏,2018年12月11日,憲法改正をめぐって、自民党の萩生田幹事長代行は、臨時国会で党の憲法改正案の提示が見送られたことについて「極めて残念だ」と述べ、来年の通常国会での提示を目指す考えを強調しました。自民党は、10日に閉会した臨時国会で、「自衛隊の明記」など４項目の憲法改正案の提示を目指していましたが、与野党の対立などから憲法審査会で実質的な審議は１度も行われず、改正案の提示は見送られました。これについて、自民党の萩生田幹事長代行は11日の記者会見で、「憲法審査会で十分な時間を確保できなかったことは極めて残念だ。ただ、最終日に、国民投票の際のＣＭ規制についてヒアリングを行ったり、与野党の幹事で話し合いができたことは歓迎したい」と述べました。そのうえで、萩生田氏は「来年の通常国会で、憲法審査会の定例日を有効に使って４項目の改正案を提示したい。『審査をしてくれ』ということではなく、各党の思いや考え方を示しながら意見交換してもらい、充実した議論をお願いしたい」と述べ、来年の通常国会で党の憲法改正案の提示を目指す考えを強調しました。
岩屋防衛相 土砂投入前に玉城沖縄県知事と会談へ,2018年12月11日,アメリカ軍普天間基地の移設計画をめぐって、岩屋防衛大臣は、今週14日にも埋め立て予定地への土砂の投入を始めるのを前に、反対する沖縄県の玉城知事と近く会談し、改めて移設への理解を求める考えを示しました。沖縄のアメリカ軍普天間基地の名護市辺野古への移設計画をめぐって、政府は、今週14日にも埋め立て予定地への土砂の投入を始める方針で、移設に反対する沖縄県の玉城知事は、土砂投入の断念を直接求めたいとして、近く上京して政府関係者との面会を要請しています。これについて、岩屋防衛大臣は閣議のあと記者団に対し、「日程の調整がつけば、ぜひお目にかかりたい。普天間基地の危険性を除去し、最終的に返還を実現することが原点で、一歩一歩、前に進ませてほしいと、再度、知事にも話したい」と述べ、土砂投入を前に、13日にも防衛省で会談し、改めて移設への理解を求める考えを示しました。そのうえで、岩屋大臣は、土砂投入の日程について「届け出では12月14日から開始させていただきたいとしており、気象状況にもよるが、予定日に開始できるよう万全の準備を行いたい」と述べました。
政府 月面有人探査参加に向け宇宙基本計画の工程表を改訂,2018年12月11日,政府は、2024年までの宇宙政策のスケジュールなどを示す宇宙基本計画の工程表を改訂し、アメリカが構想する月面の有人探査などへの参加に向けて、関連する技術開発や各国間の調整を主体的に進めるとしています。政府は11日、総理大臣官邸で、安倍総理大臣や平井科学技術担当大臣などが出席して宇宙開発戦略本部の会合を開き、2024年までの宇宙政策のスケジュールなどを示す宇宙基本計画の工程表を改訂することを了承しました。改訂された工程表によりますと、アメリカが構想している、月を周回する宇宙ステーションの建設や、月面の有人探査への参加に向けて、関連する技術開発や各国間の調整を主体的に進めるとしています。また、宇宙空間での安全保障の重要性が増していることを踏まえ、不審な衛星や宇宙ごみの監視体制を強化するため、アメリカやフランスとの情報共有を進めることなどを明記しています。会合で、安倍総理大臣は「次なるフロンティアである月や火星などの国際宇宙探査に関する国際的な動きが活発となっており、わが国が強い分野で積極的な貢献ができるよう、関係国との調整を推進してほしい」と指示しました。
あおり運転の疑いで自衛官逮捕 防衛相が陳謝 再発防止を徹底,2018年12月11日,兵庫県の高速道路上で陸上自衛官が女性の運転する車の前に割り込むなどあおり運転をしたとして逮捕されたことを受けて、岩屋防衛大臣は、陳謝したうえで、再発防止に向けて指導を徹底する考えを示しました。神戸市の山陽自動車道で、先月18日、陸上自衛隊の28歳の陸士長の男が、前を走っていた乗用車の前に割り込んで進路を塞ぎ、およそ1.4キロにわたってあおり運転を繰り返したとして、10日、警察に逮捕されました。この事件について、岩屋防衛大臣は閣議のあと記者団に対し、「国民の生命と財産を守るべき自衛官が、このような容疑で逮捕されたことは、あってはならず、誠に申し訳ない」と述べ、陳謝しました。そのうえで、岩屋大臣は「今後このようなことが起こることのないよう、一層の指導を徹底したい」と述べ、再発防止に向けて自衛官の指導を徹底する考えを示しました。
児童ポルノＤＶＤ購入で870人余を書類送検,2018年12月11日,国内最大級の児童ポルノ専門のＤＶＤ販売業者が摘発された事件で、この業者からＤＶＤを購入した870人余りが書類送検されていたことが、警察当局への取材で分かりました。捜査の過程で、実際に子どもに性犯罪をしていた疑いが発覚し、逮捕された人もいて、警察当局は、児童ポルノが子どもを狙った性犯罪の温床になっているとして、取締りを強化する方針です。インターネットを利用して児童のわいせつなＤＶＤを販売していたとして、去年５月、国内最大級の児童ポルノ専門のＤＶＤ販売業者が警視庁などに摘発されました。関係先からはおよそ7000人分の購入者リストが見つかり、全国の警察が捜査を進めた結果、業者からＤＶＤを購入し、所持していたなどとして、870人余りが児童ポルノ禁止法違反の疑いで書類送検されていたことが、警察当局への取材で分かりました。このうちの少なくとも20人は、捜査の過程で、実際に子どもにわいせつな行為をして、その様子を撮影したり、子どもの裸を盗撮したりしていた画像が自宅のパソコンなどから見つかり、強制わいせつなどの疑いで逮捕されたということです。中には、子どもと直接、接する職業の教員や保育士などもいたということです。警察当局は、児童ポルノが子どもを狙った性犯罪の温床になっているとして、取締りを強化する方針です。
カナダで逮捕のファーウェイ幹部の審問 結論再度持ち越し,2018年12月11日,中国の通信機器大手、ファーウェイの幹部がアメリカの要請によりカナダで逮捕された問題で、カナダの裁判所は、勾留を続けるかどうかの審問を開きましたが、結論は再び持ち越されました。中国のファーウェイの副会長で財務の責任者の孟晩舟氏（46）は、今月１日、アメリカ政府の要請を受けたカナダの当局にバンクーバー国際空港で逮捕されました。孟副会長は、ファーウェイの関係会社を通じて制裁下のイランの通信会社と取り引きする一方、アメリカの複数の金融機関に虚偽の説明をした詐欺の疑いを持たれています。この問題で、バンクーバーにある裁判所は10日、孟副会長の勾留を続けるかどうかの審問を開き、前回７日に続いて孟副会長本人も出廷しました。審問で、検察側は、国外逃亡のおそれがあるとしてアメリカに身柄を引き渡すまで勾留するよう求めたのに対し、孟副会長側は、中国の信用にも関わるため逃亡のおそれはなく、中国人の夫を保証人にバンクーバーの住宅に滞在するとして保釈を求めました。しかし、この日の審問でも決着はつかず、結論は再び持ち越されました。審問は11日に再開される予定です。
外国人材受け入れ拡大 法相「基本方針などの取りまとめ急ぐ」,2018年12月11日,外国人材の受け入れを拡大するための法律が成立したことを受けて、山下法務大臣は、新たな制度の基本方針や外国人との共生に向けた総合的対応策などの取りまとめを急ぐ考えを示しました。外国人材の受け入れを拡大するための改正出入国管理法は、来年４月に施行されることになっていて、政府は、年内に、新たな制度の基本方針や外国人との共生に向けた総合的対応策などを取りまとめることにしています。山下法務大臣は閣議のあとの記者会見で、「必ずしも賛同してもらえなかった人たちが制度をよくするために非常に貴重な材料を出してくれた」と述べました。そのうえで、「来年４月１日の施行に向けて、これまでの指摘も踏まえながら、法律の全体像をできるだけ早期に国民に示すために全力を尽くしたい」と述べ、新たな制度の基本方針や外国人との共生に向けた総合的対応策などの取りまとめを急ぐ考えを示しました。
認知症 “８割近くが複数回 行方不明に”,2018年12月11日,認知症の人や家族でつくる団体が行った調査で、行方が分からなくなったことのある認知症の人の８割近くが、複数回、行方不明になっていたことが分かりました。調査に協力した専門家は「深刻な事故を防ぐために早期からの継続的な支援が必要だ」としています。調査をしたのは、京都市に本部がある「認知症の人と家族の会」です。この団体では、全国の認知症の人の家族などを対象に、事故防止に向けた取り組みなどを尋ね、549件の回答を得ました。それによりますと、行方不明になったことがある328人のうち、その回数は１回が70人だったのに対し、２回が69人、３回から４回が78人、５回以上が72人、「覚えきれないほどたくさん」が39人で、複数回、行方が分からなくなった人は８割近くに上りました。中には、20回以上の人も７人いました。調査に協力した新潟県立看護大学の原等子准教授は「認知症の人は行方不明を繰り返すケースが少なくない。深刻な事故を防ぐために本人と家族に対し早期からの継続的な支援が必要だ」としています。警察庁によりますと、認知症やその疑いがあり行方不明になったとして届け出があった人は、去年は延べ１万5863人で、統計を取り始めた平成24年以降で最も多くなっています。
西武 菊池に複数の大リーグ球団が関心示す,2018年12月11日,大リーグの移籍交渉などが行われているウインターミーティングで、複数の球団の幹部から、ポスティングシステムを使って移籍を目指す西武の菊池雄星投手の獲得に関心を示す発言が相次ぎました。大リーグでは、今月13日までの日程で、ネバダ州ラスベガスで球団と選手の代理人が選手の移籍交渉を集中的に行うウインターミーティングが開かれていて、ポスティングシステムを使って西武から大リーグ球団への移籍を目指す菊池投手をめぐる交渉も本格化しています。会場のホテルでは、10日にレンジャーズの新しい監督に就任したクリス・ウッドワード監督が会見に臨み、菊池投手について「球団は調査をしてきた。当然、現在も検討を続けている。菊池投手の情報を総合すると、獲得すればすばらしい戦力になる」と話し関心を示しました。また、マリナーズのジェリー・ディポートゼネラルマネージャーは「菊池投手がどの程度、マリナーズに興味があるかわからないが、私たちは球団として関心を持っている。菊池投手は、投球の内容が示しているようにとてもいいピッチャーでいいボールを持っている。球団が必要とする戦力になる」と高く評価していました。このほか、ヤンキースのブライアン・キャッシュマンゼネラルマネージャーは記者たちの取材に対して、菊池投手の代理人を務めるスコット・ボラス氏と会って、すでに交渉を行ったことを明らかにするなど、年明け来月２日までの交渉期限を見据え、菊池投手の争奪戦は熱を帯びてきました。
Ｇ20サミット会場周辺などでドローン禁止 大阪府が条例案,2018年12月11日,来年、大阪で開かれるＧ20サミット＝主要20か国の首脳会談での安全確保のため、大阪府は、会場周辺などで小型の無人機、ドローンを飛ばすことを禁止する条例案をまとめました。日本で初めての開催となるＧ20サミットは、来年６月28日と29日に大阪・住之江区のインテックス大阪で開かれる予定で、主要20か国のほか、招待国や国際機関も参加します。関係者によりますと、来日する首脳らの安全を確保するため、大阪府は警察と協議のうえ、会場周辺などでドローンを飛ばすことを禁止する条例案をまとめました。飛行禁止の範囲は、会場予定地のインテックス大阪がある咲洲全体とその周囲300メートル、それに関西空港の周囲１キロで、今後、首脳が宿泊するホテルや訪問する施設が決まれば、範囲を増やすことになります。規制する期間は６月30日までの１か月間で、公安委員会に届け出ずにドローンを飛ばした場合は、１年以下の懲役または50万円以下の罰金にする方針です。大阪府はこの条例案を来年２月の定例府議会に提出することにしています。
高等教育の授業料減免 国と地方がおおむね合意,2018年12月11日,所得が低い世帯を対象とした、大学など高等教育の授業料減免をめぐって、国と地方は、私立の専門学校の場合、国と都道府県とで負担を折半するなどとした案でおおむね合意しました。大学などの高等教育では、再来年４月から、所得が低い世帯を対象に授業料の減免や返済の必要がない給付型奨学金の支給などが行われることになっています。このうち、授業料の減免については、国と地方による負担する割合の調整が続いていましたが、11日までにおおむね合意しました。具体的には、国立の学校は国が、公立の学校は設置している地方自治体が、減免する分の全額をそれぞれ負担するとしています。一方、私立については、大学や短期大学、それに高等専門学校は国が全額を負担し、専門学校は、国と管轄する都道府県で折半し２年間の事務処理の経費は国が負担するとしています。柴山文部科学大臣は記者会見で、「再来年からの円滑な実施に向けて引き続き国と地方でよく連携しながら進めていきたい」と述べました。
ふるさと納税偽装サイト 自治体に注意喚起要請 総務相,2018年12月11日,ふるさと納税の寄付を呼びかけるように装う偽のウェブサイトが全国各地で見つかっていることを受けて、石田総務大臣は全国の自治体に対し、公式のホームページなどで注意を呼びかけるよう求めました。ふるさと納税の寄付を呼びかけるように装って現金の振り込みを求める偽のウェブサイトは、宮崎県や福岡県、香川県などの自治体のものが見つかっていて、正規の寄付金額の割引を宣伝文句にしていたり、振込先の名義が個人名になっていたりすることが特徴です。これについて、石田総務大臣は閣議のあとの記者会見で、「ふるさと納税の制度をゆがめるようなことは大変残念で、誠に遺憾だ」と述べました。そのうえで、石田大臣は全国の自治体に対し、公式のホームページなどで偽のウェブサイトに注意を呼びかけるよう求めたことを明らかにしました。総務省では、ウェブサイトの真偽が分かりにくい場合もあるので、ふるさと納税の寄付をする場合には自治体の公式のホームページを経由するよう呼びかけています。
外国人の公的年金の脱退一時金 見直し検討 厚労相,2018年12月11日,外国人材の受け入れ拡大をめぐり、根本厚生労働大臣は、公的年金に加入する外国人が、受給資格を満たさずに帰国する場合に受け取ることができる一時金について、今後、在留期間が長くなることも見据えて、制度の在り方を見直す考えを示しました。公的年金を受給する資格を得るには、国籍を問わず10年間年金に加入する必要がありますが、外国人労働者らは加入しても受給資格を満たさないまま帰国するケースも多く、こうした外国人には加入時期に応じて一時金を支払う制度が設けられています。この制度について、根本厚生労働大臣は閣議のあとの記者会見で、「外国人材の受け入れ拡大により、これまでよりも長い期間在留する外国人材が多くなることが考えられ、外国人材の年金を確保するという視点も必要だ」と述べました。そのうえで、根本大臣は「新たに受け入れる外国人材に関する政府全体の議論も踏まえて、一時金の在り方について、今後の年金制度改革の議論の中で検討したい」と述べ、加入期間に応じた一時金の増額なども含めて、制度の在り方を見直す考えを示しました。
首相 大阪Ｇ20サミット 地球規模課題への貢献目指す,2018年12月11日,総理大臣官邸で開かれた政府与党連絡会議で、安倍総理大臣は、来年６月に大阪で開かれるＧ20サミットについて、気候変動や海洋プラスチックごみ問題など、地球規模の課題への貢献を目指し、議長として各国との調整にあたる考えを示しました。この中で、安倍総理大臣は、来年６月に大阪で開かれるＧ20サミットについて「気候変動問題や海洋プラスチックごみ問題をはじめとする地球規模課題への貢献を通じ、包括的かつ持続的な人間中心の未来社会の実現を目標に掲げ、取り組みを推進していきたい」と述べ、地球規模の課題への貢献を目指し、議長として各国との調整にあたる考えを示しました。また、2025年の万博の開催地が大阪に決まったことについて、安倍総理大臣は「2020年の東京オリンピック・パラリンピック、2025年の万博をわが国の次の世代を切りひらく大きな力にしていかなければならない」と述べました。一方、皇太子さまが天皇に即位される日などを１年限りの祝日とする法律が成立し、来年の４月から５月にかけて10連休となることについて、自民党の岸田政務調査会長は「医療や保育、ゴミの収集など、穴があかないよう、政府にはしっかり対応してもらいたい。来年２月までに、党でも対応策を議論し、政府とすり合わせたい」と述べました。これに対し、安倍総理大臣は「極めて重要な問題なので、しっかり受け止めて対応したい」と応じました。
東京電力 原子力事業の組織改編は再検討,2018年12月11日,東京電力は、原子力部門の責任者の権限を強め、安全対策から情報発信まで一元的に管理できるよう社内の組織を見直す考えを示してきましたが、原子力規制委員会から社長の責任が弱まるのではないかとの懸念が示されたことを受け、再検討することになりました。東京電力は、予算に関する権限などを委譲するカンパニー制度を原子力部門に導入し、責任者の権限を強めて安全対策から情報発信まで一元的に管理する体制を目指しています。原子力事業の組織体制の変更のためには原子力規制委員会の認可が必要ですが、これまでの審査で、規制委員会からは「社長の責任が弱まるのではないか」とか、「組織の縦割りを助長するのではないか」といった懸念が出されていました。これを受けて、東京電力は、11日の審査会合で、組織体制の変更に関する申請をいったん取り下げ、再検討する意向を示しました。事務局の原子力規制庁の担当者は、原発の安全対策などについて「社長が実質的にグリップできるようにしてほしいということだ。事故の際、社長に過失責任がないと言えるような体制は受け入れがたい」と述べました。東京電力は、原子力事業をカンパニー化する方針は維持するということですが、再検討には数か月かかる見込みだということで、来年４月を目指していた組織改編は見直しを迫られることになりました。
私立高校の女子バレー部監督が再び体罰 広島 尾道,2018年12月11日,広島県尾道市にある私立高校で、女子バレーボール部の監督を務める53歳の教諭が、部員の生徒に体罰を加えたなどとして懲戒処分を受け、退職しました。この教諭は鹿児島県の高校でも体罰を繰り返したとして処分を受けていて、学校では「生徒や保護者におわびしたい」としています。尾道市にある私立尾道高校によりますと、女子バレーボール部の監督を務める53歳の男性教諭は、ことし９月、部員の生徒に対し、髪を引っ張って倒すなどの体罰を加えたということです。さらに、練習中に「ばかやろう」などと暴言を吐いたり、学校から寮に帰る車の中で生徒の家庭環境について悪く言ったりすることもあったということです。先月30日、９人の部員が寮を抜け出して保護者に訴えたため明らかになったということで、学校ではこの教諭を10日付けで減給10分の１、２か月の懲戒処分にしました。教諭は体罰を認めたうえで、その理由については「言い訳になるから言わない」と話していて、依願退職したということです。この教諭は、平成19年に当時、監督を務めていた鹿児島県の高校の女子バレーボール部でも体罰を繰り返したとして出勤停止の処分を受け、退職したあと、平成22年から尾道高校に勤務していました。高校を運営する尾道学園では「二度と体罰をしないと言ったので採用したが、大変残念だ。管理監督する立場にあった学校として、生徒や保護者におわびしたい」としています。
中学校教諭が生徒の顔を蹴る ８針縫うけが 名古屋,2018年12月11日,名古屋市にある私立東海中学校で、40代の男性教諭が、１年生の男子生徒の顔を蹴り、額を８針縫うけがをさせていたことが分かりました。東海中学によりますと、今月４日、１年生の総合学習の授業で、この授業を担当していた40代の男性教諭が、しゃがんでいた男子生徒の顔を１回蹴ったということです。生徒は、かけていたメガネが壊れ、額から出血し、８針を縫うけがをしたということで、その後は治療を受けながら登校しているということです。男性教諭は、この中学で生活指導部長を務め、蹴ったことを認めたうえで、「生徒の様子に腹を立ててしまった」と話していて、翌日から自宅で謹慎しているということです。東海中学校の稲森裕之教頭は「弁解のしようもないほど申し訳ないことをした。再発の防止と、生徒や周りにいたほかの生徒への心のケアに努めたい」と話しています。
米中閣僚が通商問題を電話協議 交渉進めるねらいも,2018年12月11日,中国の通信機器大手、ファーウェイの幹部の逮捕を受け、米中の貿易交渉の先行きへの懸念が広がる中、両国の通商担当の閣僚が電話で協議したと中国政府が発表しました。貿易交渉を着実に進める姿勢を示すねらいもあるとみられます。中国商務省は、アメリカとの通商問題を担当する劉鶴副首相とアメリカのライトハイザー通商代表、それにムニューシン財務長官が11日午前、電話で協議したと発表しました。それによりますと、11日の協議はアメリカ側が呼びかけ、今月１日の米中首脳会談で合意した貿易交渉の今後のスケジュールなどについて意見を交わしたということです。米中両国は、首脳会談でアメリカによるさらなる関税の引き上げを一時、見送る一方、中国による知的財産の侵害などをめぐる問題を交渉することで合意しています。しかし、その後、アメリカの要請で中国の通信機器大手、ファーウェイの副会長がカナダ当局に逮捕されたことがわかり、両国の今後の交渉に影響を及ぼすおそれもあるとして、先行きへの懸念が広がっています。このため、11日の両国の電話協議には、貿易交渉を着実に進める姿勢を示すねらいもあるとみられます。
“通信各社も安全性に配慮を” 中国製品念頭に 総務相,2018年12月11日,政府が通信機器を調達する際、中国製品を念頭に、安全保障上のリスクも考慮して評価する方針を決めたことについて、石田総務大臣は、通信各社にも安全性への配慮を期待する考えを明らかにしました。政府は、各省庁が通信機器を調達する際、「ファーウェイ」や「ＺＴＥ」といった中国製品を念頭に、悪意のある機能が組み込まれていないかなど、安全保障上のリスクも考慮して総合的に評価することを申し合わせました。これについて、石田総務大臣は閣議のあとの記者会見で、「申し合わせは政府の調達を対象にしたものではあるが、情報通信ネットワークの安全、信頼性を確保することは重要だ。通信事業者もサイバーセキュリティの向上に積極的に取り組むことを期待したい」と述べました。これは、政府の調達と同じように特定の企業の排除は求めないものの、通信会社にも中国製品を念頭に安全性への配慮を期待した発言です。中国製の通信機器の調達について、ＮＴＴドコモとソフトバンクは、政府の方針に沿って対応していくとしている一方、ＫＤＤＩは、対応は決まってないとしています。また、来年、携帯電話事業に参入する楽天は、中国製品を使う考えはないとしています。
「木材のストロー」をホテルが導入 環境汚染問題で,2018年12月11日,プラスチックごみによる環境汚染が問題となる中、木材で作られたストローがプラスチック製のストローに代わって来月から都内のホテルで導入されることになりました。このストローは、0.15ミリの薄さに削った杉の木をらせん状に巻いて作られたもので、ことし７月の西日本豪雨で被害を受けた奈良県の杉の木材のほか、国内の間伐材が使われています。開発は木造住宅専門の住宅メーカーと東京・千代田区のホテルが協力して行い、来月からホテルのレストランで試験的に導入したあと、住宅展示場などでも使用することにしています。木材のストローを作るには、現在、１本数十円のコストがかかるということですが、両社は、今後普及を図ってコストを下げていきたいとしています。プラスチックごみをめぐっては、海などの環境汚染の原因だとして、外食大手を中心にプラスチック製のストローを撤去する動きが広がっていて、紙やトウモロコシなどを使った代替品の導入が相次いでいます。開発した「アキュラホーム住生活研究所」の伊藤圭子所長は「安いストローと価格で戦うことはまだできないが、付加価値や自然の大切さを考える人たちに使ってもらいたい」と話していました。
日本夜景遺産でゴスペルコンサート 東京 世田谷区,2018年12月11日,東京オリンピック・パラリンピックでアメリカのホストタウンとなっている東京・世田谷区で10日夜、アメリカ発祥の音楽、ゴスペルのコンサートが開かれました。会場はことし日本夜景遺産に認定された場所で、訪れた200人余りが音楽と夜景を楽しみました。再来年の東京大会で東京・世田谷区はアメリカのホストタウンになっていて、アメリカの選手団は区内の運動場を事前のキャンプや大会期間中の練習場として利用する予定です。10日夜は、クリスマスを前にアメリカの文化に親しんでもらおうと、アメリカ発祥の音楽、ゴスペルのコンサートが開かれました。コンサートでは、歌手７人が「きよしこの夜」などを美しいハーモニーで歌い、200人余りの観客も一体となって踊ったり、歌ったりしていました。会場となったキャロットタワーは、26階からの夜の眺望がことし日本夜景遺産に登録されていて、訪れた人たちは熱気のある音楽とともに澄んだ冬の夜景を楽しんでいました。訪れた女性は「すてきな音楽と夜景を一緒に楽しむことができ、すばらしい時間を過ごすことができました」と話していました。
ヤクルト秋吉と日本ハム高梨を軸に２対２のトレード,2018年12月11日,プロ野球・ヤクルトで日本代表の経験もあるリリーフの秋吉亮投手と、おととしのパ・リーグ新人王、日本ハムの高梨裕稔投手を軸とした２対２の交換トレードが成立しました。ヤクルトから日本ハムに移籍するのは、秋吉投手と、堅い守りとしぶといバッティングが持ち味の６年目の内野手、谷内亮太選手、日本ハムからヤクルトに移籍するのは、高梨投手と、４年目・21歳の右投げ左打ちの内野手、太田賢吾選手です。秋吉投手はヤクルトのリリーフの柱として通算283試合に登板し、去年はＷＢＣ日本代表に選ばれましたが、今シーズンは肩やひじの状態が悪く、プロ入り後最も少ない35試合の登板でした。一方、高梨投手は、プロ３年目のおととし、シーズン途中に先発に回って自身初のふた桁勝利となる10勝２敗の成績を残してパ・リーグ新人王に輝き、今シーズンは先発として18試合に登板し、５勝７敗でした。今回のトレードは、先発投手陣の強化を図りたいヤクルトと、中継ぎに厚みを持たせたい日本ハムの思惑が一致し、内野はどのポジションでも守ることができる谷内選手と若手の有望株、太田選手を加えた２対２の交換トレードとなりました。
安慶田元副知事に500万円余の支払い命じる判決 那覇地裁,2018年12月11日,沖縄県の安慶田元副知事が教員採用試験で特定の受験者を合格させるよう口利きをした疑いがある問題をめぐって、名誉毀損だとする安慶田氏と口利きの証言をした前教育長の双方が訴えていた裁判で、那覇地方裁判所は「口利きの事実が認められる」として、安慶田氏に500万円余りの支払いを命じる判決を言い渡しました。
護衛艦「いずも」改修で“空母化”を 防衛大綱の骨子案,2018年12月11日,新たな「防衛計画の大綱」の骨子案が政府の有識者会議で示され、日本周辺の太平洋海域の防衛力を強化するため、短距離で離陸し垂直に着陸できる戦闘機の導入とともに、この戦闘機を運用できるよう自衛隊最大の護衛艦「いずも」を改修する方針が示されています。これによって、事実上の「空母化」を盛り込んだ形です。政府は、防衛力整備の指針となる新たな「防衛計画の大綱」を来週18日にも決定する方針で、11日の有識者会議で大綱の骨子案を示しました。それによりますと、日本周辺の太平洋海域の防衛力を強化するため、離島や空母の短い滑走路でも離陸し、垂直に着陸できる最新鋭のステルス戦闘機、Ｆ35Ｂを導入するとしています。そのうえで、こうした戦闘機の運用を柔軟に行うためとして、自衛隊最大の護衛艦「いずも」を改修する方針が示されています。これによって、事実上の「空母化」を盛り込んだ形です。骨子には、このほか、宇宙やサイバー空間に特化した部隊を新たに設け、予算や人員を優先的に配分することなども盛り込まれています。会合で、安倍総理大臣は「最も重大な責務は、国民の命と平和な暮らしを守り抜くことだ。体制を抜本的に強化し、『陸・海・空』という発想から完全に脱却し、未来の礎となる防衛力の姿へ改革を図る」と述べました。
風疹 来年から予防接種原則無料へ 30代～50代の男性対象,2018年12月11日,風疹の感染拡大を防ぐため、厚生労働省は、流行の中心となっている30代から50代の男性を対象に、来年から予防接種を原則無料とすることを決めました。風疹は妊婦が感染すると赤ちゃんに障害が出るおそれがありますが、ことしの患者数は2400人を超えていて、とくに、子どもの頃にワクチンの定期接種の機会がなかった39歳から56歳までの男性が流行の中心となっています。このため、厚生労働省は、この世代の男性を対象に、来年からおよそ３年間、予防接種を原則無料とすることを決めました。妊婦への感染を防ぐには、男性を含めたすべての人が十分な免疫を持つ必要がありますが、この世代の男性は５人に１人が十分な免疫を持っていないとみられています。厚生労働省は、まずは、十分な免疫があるかを調べる抗体検査を受けてもらい、免疫がないことが分かった場合にワクチンを接種する方針で、抗体検査の費用についても原則無料とすることにしています。厚生労働省は、東京オリンピック・パラリンピックが開催され海外から多くの人が訪れる2020年までに国内の風疹患者をゼロにする目標を掲げています。
米軍機墜落事故 行方不明者の捜索打ち切り,2018年12月11日,高知県沖でアメリカ軍岩国基地の戦闘攻撃機と空中給油機が接触し海上に墜落した事故で、自衛隊は、アメリカ軍などとの調整を受けて行方がわかっていない５人の捜索を打ち切りました。今月６日の未明、山口県岩国市にあるアメリカ軍岩国基地に所属するＦＡ18戦闘攻撃機とＫＣ130空中給油機が、高知県沖の上空で訓練中に接触して墜落しました。２機には合わせて７人が乗っていて、これまでに戦闘攻撃機に乗っていた２人が救助されましたが、このうち１人が死亡しました。自衛隊は、行方がわかっていない空中給油機の乗員５人の捜索をアメリカ軍や海上保安庁とともに続けてきましたが、アメリカ軍などとの調整を受けて11日午前６時で捜索を打ち切りました。防衛省は、事故の原因などについて、アメリカ軍に問い合わせて確認を進めることにしています。
英首相 離脱協定案の採決延期表明,2018年12月11日,イギリスのメイ首相は、ＥＵ＝ヨーロッパ連合との間で合意していた離脱協定案について否決される可能性が高いとして、11日に予定していた議会での採決を見送ると発表しました。次の採決の予定は示されておらず、来年３月の離脱への道筋は不透明さを増しています。イギリスのメイ首相は10日午後、議会下院で緊急の声明を発表し、翌日に予定されていたＥＵからの離脱協定案について、議会での採決を延期すると発表しました。理由についてメイ首相は、協定案に盛り込まれた北アイルランドとアイルランドの国境管理の取り決めについて議員の懸念を払拭（ふっしょく）できなかったためだとし、「採決を行っても大差で否決される可能性が高いと判断した」と述べ、みずからの苦境を認めました。また、今後の対応についてメイ首相は、今週13日から開かれるＥＵ首脳会議を前に各国の首脳らと会談すると述べましたが、議会における次の採決の日程について見通しは示しませんでした。イギリスでは、協定案に反対を表明している議員は、与党だけでも100人に達するとの見方がでて、採決を強行して惨敗した場合、首相の進退問題に発展するとして懸念が広がっていました。議会では北アイルランドの国境問題についてＥＵにさらなる譲歩を迫るべきだとの声や、国民投票をやり直すべきだとの声が相次ぎ、来年３月29日の離脱への道筋は一層不透明さを増しています。
不正入試問題 消費者団体が受験生に代わり東京医大を提訴へ,2018年12月11日,不正入試が明らかになった東京医科大学に対し、消費者団体の消費者機構日本は、受験生に代わって受験料の返還義務の確認を求める初めての裁判を東京地方裁判所に起こす方針を固めました。消費者機構日本は、東京医科大学の不正入試が明らかになった問題を受けて、過去の受験生に対し、自己採点の点数や合否の結果などの情報提供を呼びかけるとともに、不公正な選抜は債務不履行などにあたるとして、大学に対し、今年度と昨年度に不合格となった人のうち女性や三浪以上の人の受験料の返還を求めてきました。しかし、現在も返還は実現していないことから、年内にも受験生に代わって受験料の返還義務の確認を求める裁判を東京地方裁判所に起こす方針を固めました。勝訴すれば、受験生に裁判手続きへの参加を呼びかけ、受験料を取り戻すことができるということです。おととし施行された消費者裁判手続特例法では、悪質商法などの被害者をまとめて救済することを目的に、国が認定する消費者団体が本人に代わって事業者を訴え、代金を取り戻すことなどができるようになりました。消費者機構日本はすでにこの認定を受けていて、消費者団体が被害者に代わって裁判を起こすのは初めてのケースとなります。
軍主導の暫定政権続くタイ 来年２月に総選挙へ,2018年12月11日,４年前のクーデター以降、軍主導の暫定政権が続くタイで、総選挙を実施するための法律が11日施行され、これまで禁止されていた政党の活動も解禁されました。選挙は来年２月に行われる見通しで、どこまで民主的な政治体制に戻るかが焦点になります。タイでは４年前、反政府デモが過激化する中、軍が「混乱を治める」としてクーデターを起こし、当時、陸軍司令官として主導したプラユット氏が現在も暫定政権を率いています。暫定政権はこれまで、総選挙に向けた準備を先延ばしにしてきましたが、民政への復帰を求める声が国内外から強まり、選挙の実施に必要な法律を11日、ようやく施行しました。また、クーデター以降禁止されていた政党の活動や５人以上の政治的な集会などが４年ぶりに解禁されました。法律は今後150日以内に選挙を行うと定めていますが、暫定政権は来年２月24日に行う見通しを示しています。正式には、来月４日に日程が発表されます。選挙制度は権力維持を狙う軍の意図を反映しています。タイの議会の議席数は、上院250、下院500で、首相は上下両院を合わせた750人で選出されます。ところが、上院は事実上、軍による指名制となっているため、軍は下院で４分の１を超える議席を獲得すれば、推薦する候補者を首相にすることができます。軍は、下院の議席獲得に向けて、現役閣僚が党首を務める新たな政党を設立しています。選挙は、軍を支持する政党と、クーデターの前まで政権を握っていたタクシン派と呼ばれるタクシン元首相が影響を維持する政党の２つの勢力が軸になる見込みで、どこまで民主的な政治体制に戻るかが焦点になります。
株価は値下がり 世界経済の先行き懸念,2018年12月11日,11日の東京株式市場、株価は値下がりしました。イギリスのＥＵ＝ヨーロッパ連合からの離脱をめぐる問題など、世界経済の先行きへの懸念から売り注文が増えました。日経平均株価、11日の終値は、10日より71円48銭安い２万1148円２銭。東証株価指数＝トピックスは、14.50下がって1575.31でした。トピックスは終値としてことしの最安値を更新し、１年半ぶりの安値水準となりました。１日の出来高は14億7631万株となっています。市場関係者は「イギリス議会で11日に予定されていたＥＵからの離脱協定案の採決が延期され、世界経済の先行きへの懸念から、自動車や工作機械など輸出関連銘柄を中心に売り注文が多く出た。午後に入ると、値下がりした銘柄を買い戻す動きもあり、下落幅はやや縮小した」と話しています。
震災から７年９か月 小学校で当時の校長が命の大切さ訴え 岩手,2018年12月11日,東日本大震災の発生から７年９か月となる11日、津波で大きな被害を受けた岩手県宮古市の小学校で、当時の校長が命の大切さを訴えました。宮古市の田老第三小学校は、震災で津波が校庭の近くまで迫りましたが、児童や教師は近くの高台に避難して全員無事でした。小学校では、月命日の毎月11日に、防災について考える取り組みを続けています。11日は、当時校長だった荒谷栄子さん（66）が児童18人を前に講演し、「大きな地震があったらすぐに高台に逃げてください。命を失うと取り返しがつきません。地震が起きたらどうすればよいか、自分で考えられるようになってください」と訴えました。当時の様子を知らない子どもも増えていて、小学校では、こうした取り組みを通して、震災の記憶を伝えていくことにしています。震災の翌年に生まれた１年生の女の子は「命はとても大切だと感じました。地震が起きたらすぐに高い場所に逃げます」と話していました。荒谷さんは「震災を知る子も知らない子も真剣に聞いてくれました。震災を忘れないように、これからも伝え続けていきたい」と話していました。
世耕経済産業相 産業革新投資機構への資金全額取り下げへ,2018年12月11日,国が主導する官民ファンド、産業革新投資機構の田中社長ら取締役９人が辞任する見通しとなったことを受けて、世耕経済産業大臣は11日の閣議のあとの記者会見で、来年度予算案で求めていた機構への資金を全額取り下げる考えを明らかにしました。この中で、世耕経済産業大臣は、産業革新投資機構の財務基盤を強化するため来年度予算案の概算要求で求めていた資金について「機構のマネジメント機能が実質的に不在になることが明らかになったので、来年度の1600億円の財投要求は全額、取り下げを行わざるをえない」と述べました。そのうえで、「機構をできるだけ早く、来年春までにも再び立ち上げ、その時点で必要があれば、予算上の対応も改めて考えたい」と述べ、新たな経営体制が整った時点で必要な対応を再び検討する考えを示しました。また、機構の新しい経営陣について、世耕大臣は「基本的には民間出身で、投資分野で経験のある方が大原則だ」と述べたうえで、「これから有識者の間で議論するガバナンスや報酬の在り方について十分納得して引き受けていただく方が前提になる」と述べ、新たに設けられる諮問委員会が示す方針をもとに人選を進める考えを示しました。
「次の質問をどうぞ」河野外相 会見で質問を繰り返し無視,2018年12月11日,北方領土問題でロシア側が日本をけん制する発言をしていることについて、河野外務大臣は、11日の記者会見で見解を問われましたが、記者の質問を繰り返し無視する一幕がありました。河野大臣には、交渉に向けた環境を整えるねらいがあるとみられますが、質問そのものに応じない姿勢には批判が出ることも予想されます。北方領土問題をめぐって、ロシアのラブロフ外相は、第2次世界大戦の結果、北方領土はロシアの領土となったことを日本が認めない以上、交渉は進められないと日本側をけん制したほか、トルトネフ副首相も、強い姿勢で交渉に臨むと強調しています。こうした発言について、河野外務大臣は、11日の記者会見で、記者団から見解を問われたのに対し、「次の質問をどうぞ」と4回にわたって繰り返し述べ、質問には、一切答えませんでした。そして、記者団が「公の場での質問に対し、そうした答弁は不適切ではないか」とただすと、「交渉に向けての環境をしっかり整えたい」と説明しました。河野外務大臣は、政府の方針を交渉の場以外で発信することは、よけいな臆測を呼び、交渉のためにならないなどとして、国会でもたびたび発言を控えることに理解を求めていて、今回の対応も、そうしたねらいがあるとみられますが、質問そのものに応じない姿勢には批判が出ることも予想されます。
ロボットがご案内 積極的に話しかけます 横浜,2018年12月11日,フロアを動き回りながら観光案内をするロボットが、横浜市の観光地、横浜ランドマークタワーに導入され、観光客を楽しませています。導入されたのは、大手電機メーカーの「日立製作所」が開発したロボットで、横浜ランドマークタワーの69階の展望フロアに３台、２階のチケット売り場に１台設置されます。高さが90センチで人間の形をしたロボットは、足の部分に車輪があり自分で動きまわることができます。センサーで人を感知すると、積極的に話しかけるのが特徴で、日本語のほか、英語と中国語の３か国語に対応しています。展望フロアでは、窓から見える観光名所を紹介したり、「横浜市の歌を作詞したのは誰か」などとクイズを出題したりします。さらに、１時間ごとに３台そろってダンスを踊るようにプログラムされています。このロボットが本格導入されるのは初めてで、日立製作所グローバルソリューション事業部の山本武志副事業部長は、「移動する能力と音声認識が向上したことで、正式なサービスが開始できるようになった。今後、商業施設やオフィスなどへの導入を目指したい」と話していました。このビルを運営する三菱地所経営企画部の渋谷一太郎統括は、「外国人旅行者の案内や、集客効果を期待している。人手不足の解消につながるかも検証していきたい」と話しています。
裸の写真を送ったら… 高校生が演劇で性被害防止訴える,2018年12月11日,子どもの性被害防止に向けた会議が都内で開かれ、高校生が演劇で自分のわいせつな画像を他人に送って悪用される被害の深刻さを訴えました。警察庁が東京・港区で開いた会議には、関係省庁や子どもの支援団体、それに海外の捜査機関などから100人余りが出席しました。このなかで、子どもの性被害防止に向けた取り組みが紹介され、名古屋市の東海学園高校の生徒たちは、自分のわいせつな画像をＳＮＳなどを通じて他人に送って悪用されるいわゆる「自画撮り」の被害の深刻さについて演劇で訴えました。内容は交際相手の男子生徒から「会えなくてさみしい」などと言われ、裸の写真を送るよう頼まれた女子生徒が悩んだ末、写真を送ったところ、それがインターネットに流出し、その後、男子生徒に裏切られていたことに気づくというものです。高校生たちは、ことしの夏からこの演目を通じて「自画撮り」の被害の防止を呼びかけているということです。台本を考えた東海学園高校３年の谷口天基さん（18）は、「特に、同年代の人に劇を見てもらい、自分たちに身近な問題だと気づいてほしい」と話していました。
７年９か月ぶり 再建の寺で初めての月命日法要 宮城,2018年12月11日,東日本大震災の津波で流され、住職も犠牲となった宮城県東松島市の寺では、およそ７年９か月ぶりに本堂が再建され、11日、月命日の法要が初めて行われました。東松島市野蒜の長音寺は、震災の津波で本堂や多くの墓が流され、当時の住職も亡くなりました。関係者は寺を閉めることも検討しましたが、震災から２か月後に、津波で300メートル流された本堂の中から本尊が見つかり寺を再建することになりました。新しい本堂は先月末に完成し、亡くなった住職の弟の秋山公純さんが跡を継いで今月２日に完成を祝う落慶法要が行われ、震災から７年９か月にあたる11日は、月命日として初めての法要が行われました。集まった人たちは、地震で犠牲となった人に祈りをささげ、地域の復興を願っていました。この地域に住む安部俊郎さんは「本堂が完成し、落ち着いて供養ができると安どしています。地域のよりどころとなるお寺になればと思っています」と話していました。
”徴用”判決認められない 首相 韓国訪問の議員連盟と会談,2018年12月11日,安倍総理大臣は、13日から韓国を訪問する議員連盟のメンバーと会談し、太平洋戦争中の「徴用」をめぐる判決などは、日韓両国の合意に反し認められないとして、議員連盟のメンバーが、こうした考えを韓国側に伝え、適切な対応を求めることになりました。超党派の国会議員でつくる日韓議員連盟は、13日からソウルを訪問し、韓国の議員と意見を交わすほか、ムン・ジェイン（文在寅）大統領とも会談する方向で調整していて、議員連盟の会長を務める額賀・元財務大臣らが、11日、安倍総理大臣と会談しました。この中では、太平洋戦争中の「徴用」をめぐる裁判の判決で、韓国の最高裁判所が日本企業に賠償を命じたことや、韓国政府が元慰安婦を支援する財団を解散することについて、両国間の合意に反し認められないとして、議員連盟のメンバーが、こうした考えを韓国側に伝え、適切な対応を求めていくことを確認しました。会談のあと、額賀氏は、記者団に対し「ムン大統領と会談する際、議員連盟と日本政府の考え方にそごがないよう意見交換し、共通の認識を持った。韓国側には、日本の考え方に沿った形で見解を示すよう伝えたい」と述べました。一方、記者団が、安倍総理大臣からムン大統領に宛てた親書を託されたのかと質問したのに対し、額賀氏は、「われわれが、政府の考え方を持って行くということではない」と述べました。
「高齢者施設の４割 事前避難しない」臨時情報への対応,2018年12月11日,南海トラフで巨大地震が発生する可能性が高まり、気象庁が臨時の情報を発表した時の対応について、ＮＨＫと徳島大学が四国４県の高齢者施設を共同で調査した結果、事前避難を開始しない・できないと回答した施設が40％余りに上ることがわかりました。専門家は「施設間で連携して避難場所を確保するなど事前避難につながる仕組みを作ることが必要だ」と指摘しています。南海トラフで巨大地震が発生する可能性が高まった場合に気象庁が臨時の情報を発表する制度をめぐり、国は、津波からの避難が間に合わない地域や間に合わない可能性がある地域では、高齢者や障害者などは事前に避難する必要があるという方針を11日にまとめました。この臨時の情報が出た時の対応について、ＮＨＫは徳島大学と共同で、四国４県の津波による浸水が想定される地域にある293の高齢者施設を対象にアンケート調査を行い、32.8％にあたる96施設から回答を得ました。この中で、入居者の事前避難を開始するかどうかを尋ねたところ、開始しない・できないと回答した施設が44％に上りました。その理由を複数回答で尋ねたところ、▽「入居者の移動が難しい」が69％で最も多く、▽「いつ地震が起きるかわからない」が52％、▽「入居者の体調の悪化が懸念される」が48％、▽「サービスを継続できる避難先がない」が45％などとなりました。ＮＨＫと共同で調査を行った徳島大学の中野晋教授は「施設には避難先で十分な介護が続けられるのか不安があり、事前避難をためらう要因になっていることがわかった。施設間での連携や住民との協力で適切な避難先を確保するなど、事前避難につながる仕組みを作ることが必要だ」と指摘しています。
北陸と九州の整備新幹線 反発踏まえＪＲに追加負担求めず 政府,2018年12月11日,北陸新幹線と九州新幹線で建設中の区間の事業費が想定より3000億円余り膨らみ、その財源確保が課題となっています。これについて、政府は、来年度は、ＪＲ各社に追加の負担を求めず、国や地元自治体などが捻出する方向で調整を急ぐことになりました。
南海トラフ地震 臨時情報への対応 報告書まとまる,2018年12月11日,「南海トラフで巨大地震が発生する可能性が高まった」という臨時の情報が出たらどう行動すべきか。その考え方がまとまりました。津波からの避難が間に合わない地域では、あらかじめすべての住民が避難し、期間は「１週間程度を基本」としています。
日本人がスパイ罪で懲役12年の判決 中国,2018年12月11日,中国でスパイ行為に関わったとして拘束された70代の日本人男性に対し、北京の裁判所は、10日、懲役12年の実刑判決を言い渡しました。中国では、2015年以降、スパイ行為に関わったなどとして日本人８人が起訴されていて、判決が言い渡されたのは４人目です。日中関係筋によりますと、北京の裁判所で、10日、2015年にスパイ行為に関わったなどとして中国当局に拘束されていた北海道の73歳の日本人男性に対する裁判が行われました。この中で北京の裁判所は、男性に対し刑法のスパイ罪を適用し、懲役12年の実刑判決と財産20万人民元、日本円でおよそ327万円を没収する判決を言い渡しました。中国では2015年以降、スパイ行為に関わったなどとして日本人８人が起訴されていますが裁判は関係者以外には非公開で行われ、今回もどういった行為がスパイ罪に認定されたのかなど具体的な判決内容はわかっていません。ことしに入り、愛知県の男性に懲役12年、神奈川県の男性に懲役５年、それに、中国出身で日本国籍を取得した女性に懲役６年の判決がそれぞれ言い渡されていて、中国の裁判所から実刑判決を言い渡されるのは、今回で4人目です。
国立大の交付金 成果上げた大学に重点配分を 行政改革推進会議,2018年12月11日,政府の行政改革推進会議は、国の事業の効率性などを検証した「秋のレビュー」を踏まえた指摘事項を取りまとめ、文部科学省が評価に応じて国立大学に配分する交付金について、成果を上げている大学に重点配分すべきだとしています。政府の行政改革推進会議は、総理大臣官邸で会合を開き、有識者を交えて、９つの府省の合わせて37事業の効率性や効果などを検証した「秋のレビュー」を踏まえた指摘事項を取りまとめました。それによりますと、文部科学省が評価に応じて国立大学に配分する交付金について、質の高い論文の数といった共通指標を設けるなど、評価の在り方を抜本的に見直し成果を上げている大学に重点配分すべきだとしています。また、地方の企業に対し、専門家がむだな二酸化炭素の削減策を助言する環境省の事業は効果が確認できないとして、中止を含む抜本的な見直しを求めています。さらに外国人旅行者の受け入れ拡大策として、国土交通省が、駅のホームからの転落を防止するホームドアを整備するために鉄道会社に支給している補助金について、観光政策としては有効ではないとして廃止を求めています。安倍総理大臣は、会議の最後に「行政の事業が効果的・効率的なものとなるよう不断に改善していく必要がある。来年度予算案に的確に反映するとともに、より一層改善に取り組んでいく」と述べました。
「もっと強くなっていかないと」紀平梨花が帰国 意気込み語る,2018年12月11日,フィギュアスケートのグランプリファイナルで、初優勝を果たした16歳の紀平梨花選手が11日帰国し、「もっともっと強くなっていかないといけない」と今後に向けて意気込みを語りました。紀平選手は、８日までカナダのバンクーバーで行われたグランプリファイナルの女子シングルで、ピョンチャンオリンピック金メダルのロシアのアリーナ・ザギトワ選手などを破って初めて優勝しました。紀平選手は11日夕方、成田空港に到着し、待ち受けた人たちの拍手と歓声に笑顔で応えました。このあと報道陣の取材に応じ、「思っていた以上に多くの人が来ていて、ファイナルの優勝がすごく大きなことだと改めて思った」と話したうえで、グランプリファイナルの演技について「それほどプレッシャーを感じず、集中してできた。練習していたことを試合にも出せたのかなと思う」と振り返りました。そのうえで、今月開かれる全日本選手権や、その先、４年後の北京オリンピックについて「グランプリファイナルの反省点を踏まえてさらにいい成績を残したい。オリンピックでは、より緊張や重圧を感じると思うので、緊張感に打ち勝てるようにもっともっと強くなっていかないといけない」と意気込みを話しました。紀平選手は、今月下旬に大阪で行われる全日本選手権に向けて、調整を進めることにしています。
維新 未明の審議は「働き方改革に逆行」 衆院議長に申し入れ,2018年12月11日,10日閉会した臨時国会で、今月７日から翌日未明にかけて行われた審議は働き方改革に逆行しているとして、日本維新の会は、国会職員などの超過勤務手当を公表し、議会運営を見直すよう大島衆議院議長に申し入れました。10日閉会した臨時国会では、外国人材の受け入れを拡大するための法律などをめぐって、与野党が激しく対立し、今月７日の参議院の審議は、翌日の午前４時すぎまで行われました。これを受け、日本維新の会の遠藤国会対策委員長は、大島衆議院議長と会談し、「『働き方改革』に逆行しているばかりでなく、多額の費用を発生させたことは誠に遺憾だ」として、国会職員などの超過勤務手当を公表し、議会運営を見直すよう申し入れました。これに対し、大島議長は、「国会改革は、与野党の幹部が合意して調整しなければ進まないのではないか」などと述べたということです。遠藤氏は、記者会見し、「こんな時間まで審議し、国民の税金を使う必要があるのか。常識的な範囲で国会運営をするのも議員の責任だ」と述べました。
遺体遺棄事件 同じバイト先で１日勤務し好意抱いたか,2018年12月11日,東京 練馬区の20歳の女子学生の遺体を遺棄したとして、27歳の男が逮捕された事件で、男が女性のアルバイト先で１日だけ働いていたことが捜査関係者への取材でわかりました。警視庁は、男が一方的に女性に好意を抱き、事件を起こしたとみて捜査しています。今月３日、東京 練馬区平和台の学生寮に使われているマンションから、ここに住む専門学校生の谷口夏希さん（20）の遺体を運び出し、福島県いわき市に遺棄したとして、住所不定で無職の熊澤義信容疑者（27）が逮捕されました。警視庁が11日、遺体を詳しく調べたところ、谷口さんと確認されました。その後の調べで、谷口さんは専門学校で学びながら都内の飲食店でアルバイトをしていましたが、熊澤容疑者が同じ店で１日だけ働いていたことが捜査関係者への取材でわかりました。これまでの調べで、熊澤容疑者が書いたメモが見つかっていて、そこには谷口さんに好意を抱いていたが殺害したという内容が書かれていたということです。警視庁は、アルバイト先で知り合った谷口さんに一方的に好意を抱き、事件を起こしたとみて捜査しています。
シャンシャンあすで1歳半 母親と離れて独り立ちへ,2018年12月11日,東京 上野動物園のメスのジャイアントパンダ「シャンシャン」は、独り立ちに向けた準備を進めていて、10日から終日、母親と離れて生活するようになりました。動物園では「食事も落ち着いてとるなど、独り立ちへの移行は順調に進んでいる」としています。上野動物園のシャンシャンは、12日で１歳半となり、動物園では、この時期をめどに母親のシンシンから離れて独り立ちできるように、先月から準備を進めています。シャンシャンは、単独での生活に徐々に慣れるため、今月はじめには母乳を飲む回数が多い夜間、母親から離れて過ごしていて、動物園によりますと、10日から終日、別々に生活する段階に移ったということです。室内ではリラックスして過ごす様子が確認されたほか、屋外でもお気に入りの場所であるやぐらの上にのぼったり、竹やささをふだんどおりに食べたりしているということです。動物園では「母親から離れても落ち着いて食事をとり、いつもどおりの様子で過ごせている。独り立ちへの移行は順調に進んでいて、今月中に完全に独り立ちできるよう見守っていきたい」としています。
東京五輪・パラ ボランティア の「呼び名」４案を発表,2018年12月11日,2020年東京オリンピック・パラリンピックのボランティアに呼び名をつけることになり、４つの候補が発表されました。今後、ボランティアの応募者の投票によって決まります。大会組織委員会は、競技会場などで活動する大会ボランティアとスタッフ、街なかで活動する都市ボランティアに一体感を持ちながら大会に参加してもらおうと、親しみやすい呼び名をつけることを決め、およそ150の案から有識者が絞り込んだ４つの候補を11日、発表しました。１つ目は、重要な役割を担うことから配役を意味する英語「キャスト」を用いて、大会ボランティアとスタッフが「フィールドキャスト」、都市ボランティアが「シティキャスト」。２つ目は、船のいかりやリレーのアンカーなど、よりどころとなる支えを意味する英語「アンカー」を用いて、「ゲームズアンカー」と「シティアンカー」。３つ目は、大会を盛り上げる集団として、力や勢いを意味する英語「フォース」を用いて、「ゲームズフォース」と「シティフォース」。４つ目は、一人一人が輝く願いと大会エンブレムの藍色にちなんで、「シャイニングブルー」と「シャイニングブルートウキョウ」で、「トウキョウ」の部分は、ほかの自治体ではそれぞれの自治体名が入るということです。呼び名は、大会ボランティアと都市ボランティアの応募者によるインターネットなどの投票で決まります。インターネットでの投票は、12日午後１時から来年１月20日の午後1時まで受け付け、１月下旬に発表されます。4つの候補の絞り込みに関わった競泳のシドニーオリンピック代表の萩原智子さんは「ボランティアは大会の道しるべになる存在だ。皆さんが誇りを持ち、胸を張って名乗れる名前が選ばれることを楽しみにしている」と話していました。一方、大会ボランティアの応募者数は、11日までに11万人を超えていて、締め切りは東京都の都市ボランティアと共に今月21日の午後５時となっています。
ゴーン前会長 直近３年間の報酬 42億円余過少記載も否認,2018年12月11日,日産自動車のカルロス・ゴーン前会長が、直近３年間の報酬を少なく記載したとする10日の再逮捕の容疑についても否認し、退任後の報酬について「ほかの代表取締役と協議しておらず正式には決まっていない」などと供述していることが関係者への取材でわかりました。日産自動車の会長だったカルロス・ゴーン容疑者（64）は、昨年度までの直近３年間のみずからの報酬を有価証券報告書に42億円余り少なく記載していたとして、10日、代表取締役だったグレッグ・ケリー容疑者（62）とともに再逮捕され、東京地検特捜部は、報告書に記載していない報酬は、８年間で91億円余りに上るとみて捜査を進めています。関係者によりますとゴーン前会長の報酬に関する一部の文書には、前会長が日産に入った平成11年の契約に基づいて年間の報酬の総額をおよそ20億円とし、実際に受け取った金額や未払い分の差額などが記されていたということです。またゴーン前会長や側近の秘書室の幹部のサインがあり、この幹部は、特捜部に対し「ケリー前代表取締役にも報告した」と説明しているということです。これに対し、ゴーン前会長は「日産の個別の役員報酬は、ほかの代表取締役と協議して決めることになっており、文書に記載された報酬はあくまで希望額だ。ほかの代表取締役とは協議しておらず正式には決まっていない」などと供述していることが関係者への取材でわかりました。そのうえで直近３年間の報酬を少なく記載したとする再逮捕の容疑についても、否認しているということです。またケリー前代表取締役も、こうした文書について「知らない」と供述し、容疑を否認しているということで、特捜部は引き続き詳しい経緯を調べています。
万引き犯をＡＩが検出 防犯カメラの映像解析で逮捕,2018年12月11日,ＡＩ＝人工知能を使った新しい動きです。万引きをした人物の特徴を学習したＡＩを活用して、横浜市内のコンビニエンスストアの防犯カメラの映像、3000時間分を解析した結果、不審な動きをする男の姿が検出され、逮捕につながったことがわかりました。映像を解析した会社は万引きの被害を防ぐ新たな対策として期待できるとしています。警察などによりますと今月６日、横浜市内のコンビニエンスストアで帽子を万引きしたとして80歳の男が逮捕されました。この店では、半年間で100万円以上の被害が出るなど、相次ぐ万引きに困っていたということで、都内の映像解析会社と提携し、万引きをした人物の特徴を学習したＡＩ＝人工知能を活用して店の６台の防犯カメラの映像、3000時間分を解析しました。ＡＩは、陳列棚から取った商品をそのままかばんに入れたり、レジを通らずに商品を外に持ち出したりした場面を抽出するようプログラムされています。また、歩幅や関節の動きなど100以上のポイントから同じ人物かどうかも判別できるということです。解析の結果、事件の前に店を訪れた男の不審な動きが検出され、警戒していた店員が帽子を隠し持って店を出た男に声をかけ、逮捕したということです。捜査関係者によりますと、ＡＩを使った防犯カメラの映像の解析が万引きをした人物の逮捕につながったケースは、極めて珍しいということです。映像解析会社の田中遼社長は「防犯カメラを常に監視することは人手の問題もあり難しい。ＡＩを活用することで容疑者の特徴や行動を把握し、万引きの被害を未然に防ぐ対策が取れるようになるので期待できる」と話しています。
円相場 いくぶん値下がり,2018年12月11日,11日の東京外国為替市場、円相場は１ドル＝113円台前半までいくぶん値下がりしました。午後５時時点の円相場は、10日と比べて48銭、円安ドル高の１ドル＝113円11～12銭でした。ユーロに対しては、10日と比べて10銭、円高ユーロ安の１ユーロ＝128円59～63銭でした。ユーロは、ドルに対しては１ユーロ＝1.1368～69ドルでした。市場関係者は、「イギリスやフランスの政治的な混乱からヨーロッパ経済の先行きに懸念が広がり、ポンドやユーロを売ってドルを買う動きが強まった。13日にＥＣＢ＝ヨーロッパ中央銀行の理事会が開かれる予定で、総裁が景気の先行きについてどのような認識を示すかに注目が集まっている」と話しています。
違法な民泊物件を排除 仲介サイトの業界団体を設立へ,2018年12月11日,いわゆる「民泊新法」の施行からまもなく半年ですが、自治体への届け出がないなど違法な物件の排除が依然、課題となっています。こうした中、民泊の仲介サイトを手がける各社は業界団体を設立し、違法物件の排除に連携して取り組むことになりました。ことし６月15日に施行された「民泊新法」では、部屋を貸し出す人に、自治体への届け出を義務づけていますが、観光庁の調べでは、法律の施行時点で、仲介サイトに掲載された物件のうち届け出がないなどの物件がおよそ２割に上りました。こうした中、民泊仲介サイトを運営する「エアビーアンドビー」や「ホームアウェイ」、「百戦錬磨」など９社は11日、観光庁で会議を開き、来月業界団体を設立して、違法物件の排除に連携して取り組むことを決めました。具体的には、各社の仲介サイトに違法物件を掲載しないことを徹底するとともに、仲介業者を対象に民泊のルールに関する勉強会を開くなどとしています。団体の代表理事となる「百戦錬磨」の上山康博社長は、記者会見で「国内の他の事業者にも参加を募り、民泊の適正化とともに新たな宿泊スタイルを推進していきたい」と話していました。
元貴乃花親方への退職金支払いを決議 日本相撲協会,2018年12月11日,日本相撲協会は都内で評議員会を開き、ことし10月に退職した元貴乃花親方に対し協会の規程に沿って、退職金を支払うことを決議しました。元貴乃花親方は、去年10月の元横綱 日馬富士による元貴ノ岩への傷害事件を発端に日本相撲協会と対立し、ことし９月に退職を届け出て10月に退職しました。相撲協会は、11日午後、東京 両国の国技館で評議員会を開き、元貴乃花親方へ支払う退職金について議論しました。評議員会の海老沢勝二議長によりますと特に異論はなかったということで、協会の規程に沿って、退職金と功労金を支払うことを決議しました。相撲協会は、元貴乃花親方の退職金などの詳細について、個人情報の観点から明らかにできないとしています。一方、ことしに入っても角界で続いている暴力問題について海老沢議長は、「協会の執行部からは、これからも本格的に暴力問題に真摯（しんし）に取り組むと説明があった」と話しました。相撲協会は、ことし10月、暴力との決別を宣言しましたが、今月、元貴ノ岩が付け人への暴行を認め責任を取って引退したことから、今月19日にすべての関取を対象にした付け人に関する特別研修を実施するほか、同じ日に開かれる臨時の理事会で暴力問題に特化した規程を承認することにしています。
外国人材受け入れ 環境整備へ自治体支援を提言 自民法務部会,2018年12月11日,外国人材の受け入れを拡大するための法律が成立したことを受け、自民党の法務部会は、11日、山下法務大臣に対し、受け入れ環境の整備に向けた、自治体への支援の充実を提言しました。改正出入国管理法の成立を受けて、自民党法務部会のメンバーは11日、法務省で山下法務大臣と面会しました。そして、来年４月の法律の施行で、日本で暮らす外国人が増えることが想定されるとして、受け入れ環境の整備に向けて、財政面も含めた自治体への支援の充実を提言しました。具体的には、日常生活や災害が起きた時などに速やかに必要な情報を得られるように、多言語化を図ることや、外国人の子どもたちに対する日本語教育の支援を充実させることなどを求めています。これに対し、山下大臣は、「外国人が生活する現場がいちばん大切なので、提言を参考にしたい」と述べました。このあと、長谷川法務部会長は「外国人を受け入れれば、自治体の負担も増えるので、負担をいかに少なくするかがテーマの１つだ。外国人が生活する地方自治体の課題を十分認識してもらいたい」と述べました。
中国進出の台湾パン屋「１つの中国支持」 “独立派”批判受け,2018年12月11日,台湾で人気のパン屋が中国に出店したところ、インターネット上で広まったデマをきっかけに、「台湾独立を支持する店だ」と批判され、店の経営者が「１つの中国の原則を支持する」と、釈明に追われる騒ぎとなっています。「呉宝春ベーカリー」は、パン作りの世界大会でチャンピオンになった台湾のパン職人が経営する人気のパン屋で、日本人観光客の間でも話題になっている店です。このほど中国・上海に初めて出店したところ、インターネット上で「この店の経営者は”餓死しても中国には進出しない”と言っていた」とするデマが拡散し、「台湾独立を支持する店だ」という批判が相次ぎました。不買運動など事業に悪影響が及ぶのを懸念したパン屋の経営者は、10日、声明を発表し、「私は中国の台湾で生まれた中国人だ。『１つの中国』という原則を支持する」と述べ、釈明に追われる騒ぎとなっています。これについて蔡英文総統は、11日記者団に対し、「事態は非常に深刻で、中国は政治で経済活動をねじまげようとしている。政治的な圧迫を台湾の人々は受け入れない」と批判しました。こうした中国に進出する台湾の企業がネット上で「独立派だ」と批判を受け、企業側が「１つの中国」への支持を表明する事例はあとを絶たず、中国と台湾の政治的な問題の板挟みになっています。
住宅ローン減税申告ミス見抜けず １万4500人に再申告呼びかけ,2018年12月11日,住宅を購入した際の「住宅ローン減税」で、多くの納税者の申告が誤っていることを見抜けていなかったとして、国税庁は、対象となるおよそ１万4500人に文書を送って、申告のやり直しを呼びかけていることを明らかにしました。「住宅ローン減税」は、住宅ローンを利用して自宅を購入した場合、年末のローンの残高などを元に、10年間にわたって所得税が減税される制度です。しかし、国税庁によりますと、親から住宅購入の資金として非課税で贈与を受けられる特例制度を利用した場合には、住宅の購入価格から贈与を差し引いた額を元に申告しなければならないケースがあり、申告を誤っている納税者が多いということです。会計検査院から住宅ローン減税で誤った申告が多いと指摘を受け、国税庁が確認したところ、ほかにも、住宅を売却した場合なども含め、去年までの４年間におよそ１万4500人の申告に誤りがある可能性があり、税務署などが見抜けていなかったということです。申告を誤った納税者は、追加の納税が必要になる可能性があり、国税庁では先月から対象となる納税者に文書を送って、申告のやり直しを呼びかけていることを明らかにしました。国税庁は、納税者に対する制度の説明がわかりにくかったとして見直すとともに、全国の税務署での審査手順も見直すとしています。
テニス 大坂なおみを指導するバジンコーチが最優秀コーチ賞,2018年12月11日,ＷＴＡ＝女子テニス協会は10日、大坂なおみ選手を指導するサーシャ・バジンコーチを年間最優秀コーチ賞に選出したと発表しました。ドイツ人のバジンコーチは、元世界女王のセリーナ・ウィリアムズ選手などトップ選手の練習相手を長年にわたって務め、去年11月、大坂選手のコーチを務めることになりました。そして、ことし大坂選手を四大大会の全米オープン優勝などに導いたことのほか、メディアなどを通じて女子テニスの普及に貢献した点も評価され、ＷＴＡが初めて設けた年間最優秀コーチ賞に選ばれました。
乳児の虐待を防ごう！ 乳児院が年中無休で相談に　岐阜市,2018年12月11日,思いがけない妊娠などで悩む妊婦を支援することで乳児への虐待を防ごうと、岐阜市の乳児院が、年中無休で相談に応じる専用の窓口を開設することになりました。年中無休の相談窓口「妊娠ＳＯＳ」を開設するのは、岐阜市の社会福祉法人が運営する「乳幼児ホームまりあ」です。思いがけない妊娠や収入面で不安を抱える妊婦を支援することで、出産後の乳児への虐待を防ごうと、今月18日から毎日、午前９時から午後５時まで、看護師と保育士が交代で電話やメールの相談に応じます。相談は匿名でも受け付け、産婦人科での受診に同行したり妊娠を家族に打ち明ける場面に立ち会ったりするほか、必要に応じて、特別養子縁組の制度の紹介などを行います。岐阜県では、おととし、当時30代だったパート従業員が家族に妊娠を打ち明けられないまま、羽島市の施設のトイレで出産して乳児を置き去りにし、警察に逮捕される事件が起きています。また、厚生労働省によりますと、平成28年度、全国で、虐待で死亡した子どもの65.3％を０歳児が占めているということです。「乳幼児ホームまりあ」の古川健次院長は、「望まない妊娠の出産では虐待のリスクが高まるため、早めに相談にのり、子育ての不安を取り除いてあげたい」と話しています。
ＳＵＢＡＲＵ専務 検査不正の責任取り退任へ,2018年12月11日,自動車メーカーのＳＵＢＡＲＵは、出荷前の車の検査で不正があったことの責任を取って、製造部門を担当する専務が来年３月に退任することを明らかにしました。ＳＵＢＡＲＵの発表によりますと製造部門を担当する大河原正喜専務は、今月31日付けで代表権を返上したうえで、来年３月31日付けで、専務を退任します。ＳＵＢＡＲＵでは、去年10月以降、資格を持たない従業員による検査や燃費の検査データの改ざんなどの不正が相次いで発覚し、大河原専務が、ことし６月に代表権を得たうえで立て直しを任されていました。しかし、その後のことし９月にも、ブレーキやスピードメーターなどの検査で不正を行っていたことが明らかになったため、責任を取って退任することになったということです。製造部門は来年１月１日付けで、販売会社の社長からＳＵＢＡＲＵの副社長となる細谷和男氏が担当し、一連の検査問題の対応を行っていくということです。
「世界的な大変革のうねりに危機感足りない」経済同友会,2018年12月11日,経済同友会は、戦後100年にあたる2045年の日本社会の在り方を提言にまとめました。今の日本には世界的な大変革のうねりに対する危機感が足りないとして、労働市場や教育などの改革が必要だと指摘しています。経済同友会は、戦後100年にあたり、ＡＩ＝人工知能が人間の能力を超えるとも言われる2045年に向けた日本社会の在り方を提言にまとめました。この中では、「グローバル化」や「デジタル化」など、世界的な大変革のうねりがますます進んでいくことは疑いがなく、今の日本には危機感が足りないと強調しています。そのうえで、「労働市場」や「教育」など、６つの政策分野で改革の必要性を指摘するとともに「最適化社会」の実現を強く訴えました。具体的には、人手不足の解消に向けて、外国人材を受け入れる環境をさらに整備すること、義務教育を12年間に延ばし、経済格差にかかわらず教育を受けられるようにすること、それに、社会保障の給付と負担を見直して、持続可能な制度にすることなどから着手すべきだとしています。経済同友会の小林代表幹事は記者会見で、「政治も経済界も目先のことを気にして動いているが、もう少し長期の目線で、社会や自分の会社を見直すべきだ。経済同友会としては、提言をもとに、一つ一つの課題に対する解を見つけていきたい」と述べました。
護衛艦「いずも」の“空母化” 防衛大綱の骨子 与党が了承,2018年12月11日,新たな「防衛計画の大綱」に向けた与党の作業チームは、自衛隊最大の護衛艦「いずも」を「多用途運用護衛艦」として改修し、事実上「空母化」することについて、専守防衛の範囲での運用を文書で明確にすることなどを確認し、導入を了承しました。新たな「防衛計画の大綱」の策定で焦点となっている、護衛艦の「空母化」をめぐっては与党の作業チームで、公明党側が、「憲法上、保有が許されない『攻撃型空母』と異なることが明確でない」などと懸念を示し了承がこれまで３度見送られました。こうした中、11日の会合で政府は、自衛隊最大の護衛艦「いずも」を改修して、「空母」の役割も担わせる「多用途運用護衛艦」には、短い滑走路でも離陸し、垂直に着陸できる最新鋭のステルス戦闘機、Ｆ35Ｂで構成する部隊は、常時搭載しないなど、「攻撃型空母」とは異なると説明しました。これを受けて、与党側は、従来の政府見解に基づいた専守防衛の範囲での運用を文書で明確にすることなどを確認しました。そして、「『攻撃型空母』にはあたらないことが明確になった」として、事実上の「空母化」を含む、新たな「大綱」の骨子を了承しました。また、会合では、来年度から５年間の、具体的な装備品の整備の規模などを定める、中期防衛力整備計画の骨子も了承しました。この中には、サイバー防衛や海上輸送の分野で陸・海・空を横断した共同部隊の新設や、新型迎撃ミサイルシステム「イージス・アショア」の整備などが盛り込まれています。政府は、「防衛計画の大綱」と「中期防衛力整備計画」を来週18日にも決定することにしています。
ヤマハ発動機 自動車事業への参入を断念,2018年12月11日,大手バイクメーカーのヤマハ発動機は、2020年までに乗用車の製造・販売への参入を目指していましたが、採算が見込めないとして、今回の事業化を断念することになりました。これは日高祥博社長が、11日の中期経営計画の発表で明らかにしました。ヤマハ発動機は、５年前から小型のガソリンエンジン車や電気自動車の研究・開発を進めていて、2020年までの製造・販売を目指してきました。検討を進めた結果、乗用車を量産する態勢を作るには多額の投資が必要で採算が見込めないと判断し、今回の事業化を断念することになりました。日高社長は「他社と差別化した技術で参入することを検討してきた。普通乗用車の領域に事業として進んでいくことは、いったん凍結するという判断になったが、新しいモビリティの開発は引き続き行っていきたい」と述べました。ヤマハ発動機が自動車事業に本格参入すれば、日本の主要メーカーとしては昭和38年のホンダ以来となるだけに、その開発状況が注目されていました。
担任の不適切指導で中１男子自殺 父親「再発防止徹底を」,2018年12月11日,３年前、鹿児島県奄美市で中学１年の男子生徒が自殺したのは、担任の教諭の不適切な対応などで追い詰めたことが原因だったとする市の第三者委員会の報告書がまとまったことを受け、父親が11日会見し、「同じ事を繰り返さないためにも再発防止を徹底してほしい」と訴えました。平成27年11月、鹿児島県奄美市の中学１年の男子生徒が、担任の教諭から「同級生に嫌がらせをした」として指導され、その日の夕方、担任が家庭訪問をした直後に自宅で自殺したことについて、市が設置した第三者委員会は担任の教諭の指導や不適切な対応で生徒を追い詰めたことが原因だったとする報告書をまとめました。これを受けて、生徒の40代の父親が11日、鹿児島県庁で会見を開き「教師の高圧的な態度や声かけ一つで生徒を自殺に追い込むことがあることが息子の自殺でわかったと思う。同じ事を繰り返さないためにも学校現場では再発防止を徹底してほしい」と訴えました。そのうえで、市の教育委員会が、当初、生徒はいじめの加害者としての責任を感じて自殺したという認識を示していたことについて「息子には人に迷惑をかけるようなことはしないよう教えてきたので、いじめをしたのではないと信じていたが、それが認定され、ほっとした。名誉を守ることができたと思う」と語りました。生徒の父親は、年明けにも奄美市に対して、第三者委員会の報告書に盛り込まれた再発防止のための提言をきちんと実行させるよう要望することにしています。
ＮＨＫ帯広放送局副部長 手当不正受給で懲戒免職,2018年12月11日,ＮＨＫ帯広放送局の副部長が、単身赴任手当など520万円余りを不正に受け取っていたことがわかり、ＮＨＫは懲戒免職処分にしました。ＮＨＫの調査によりますと、帯広放送局技術部の51歳の副部長は、おととし７月から先月にかけ、単身赴任をしているといううその届け出をし、単身赴任手当など合わせて524万円余りを不正に受け取っていました。副部長は、単身赴任の証明書類として偽造されたガスの検針票を毎月提出していましたが、書式が異なることがわかり、不正が発覚しました。ＮＨＫは副部長を11日付けで懲戒免職処分にするとともに、不正に受け取った手当などは全額弁済させることにしています。また、別の職員が単身赴任期間中に手当の支給要件を満たしていない期間があったのに速やかに変更の手続きをしていなかったとして、224万円余りを精算させるとともに、出勤停止14日の懲戒処分にすることを決めました。さらに、単身赴任制度を所管する人事局の局長を譴責、担当管理職４人を厳重注意としました。そして、今回の事態を重く受け止め、上田良一会長が１か月分の報酬の50％を自主返納するのをはじめ、堂元光副会長と松坂千尋理事、鈴木郁子理事も報酬の一部を自主返納することになりました。ＮＨＫは再発防止策として、単身赴任手当の受給者全員を対象に緊急の総点検を行うほか、新たなルールとして必要書類の原本提出を義務化することなどを決めました。ＮＨＫは「手当をめぐる不正・不適切な事案が起きたことについて、視聴者の皆さまに深くお詫びいたします。再発防止に向けた取り組みに全力を尽くします」とコメントしています。また、ことし10月、駅のエスカレーターで女性のスカートの中にスマートフォンを差し入れたとして逮捕され、その後、不起訴処分となった報道局の42歳のチーフ・プロデューサーについて、ＮＨＫは11日付けで停職３か月の懲戒処分にしました。
中国 ことしの新車販売台数 28年ぶりに減少見通し,2018年12月11日,中国のことし１年間の新車の販売台数が、28年ぶりに前の年を下回る見通しとなり、業界団体は米中の貿易摩擦などを背景に販売の低迷は当面続くという見方を示しました。中国自動車工業協会が11日発表した中国国内の先月の新車の販売台数は、254万8000台と去年の同じ月を13.9％下回りました。新車の販売台数はことし９月以降、３か月連続で10％を超える大幅な減少が続いています。さらに、ことしに入ってから先月までの累計の販売台数も、去年の同じ月を1.7％下回りました。このところの販売台数の落ち込みは、小型車向けに実施されていた減税措置が廃止されたことなどによるもので、協会は今月も販売台数の回復は難しく、ことし１年間の販売台数は1990年以来、28年ぶりに前の年を下回る見通しだとしています。記者会見した中国自動車工業協会の幹部は「過剰生産や環境、さらに米中の貿易問題などが影響している。こうした状況が来年すぐに好転するとは言えない」と述べ、販売の低迷が当面、続くという見方を示しました。一方、中国政府が普及に力を入れている電気自動車など新エネルギー車は、11月までの販売台数が、去年の同じ時期を68％上回る103万台となり、初めて100万台を超えました。
トラック運転手にタイヤチェーン装着の講習会 金沢,2018年12月11日,大雪によるトラックなどの立往生を防ごうと、トラック運転手にタイヤチェーンの正しい装着方法を学んでもらう講習会が金沢市で開かれました。この講習会は、ことし２月の記録的な大雪で福井県から石川県にかけての国道８号線でおよそ1500台が立往生したことを受けて開かれ、トラックの運転手およそ70人が参加しました。講習会では、はじめにＪＡＦ＝日本自動車連盟の担当者が、大雪による立往生を防ぐためには、タイヤチェーンの装着は効果的で、天候の急変などに備えて常に備えておくべきだと呼びかけました。続いて、参加者はチェーンの正しい装着方法について指導を受けました。参加したトラック運転手はＪＡＦや警察の担当者から教わりながら、チェーンにねじれがないか確認してからたるみなくタイヤに装着させることを学びました。国土交通省は、大雪が予想される際には過去に大規模な立往生が発生した区間などで、タイヤへのチェーンの装着を義務づけることにしていて、対象となる全国の13の区間を10日、公表しました。30代のトラック運転手の男性は「ことしの大雪で立往生した経験もあるのでタイヤチェーンの義務化はよいことだと思います。しっかり装着できるよう会社でも練習したい」と話していました。ＪＡＦ石川支部の元谷公一さんは「タイヤチェーンに慣れていない人はすぐに装着できるよう繰り返し練習してほしい」と話していました。
関東北部中心に12日朝にかけ雪 交通影響に注意,2018年12月11日,低気圧や上空の寒気の影響で、関東北部は、これから12日の朝にかけて山沿いを中心に雪が降り、平野部でも積もるところがある見込みです。関東南部の山沿いでも雨に雪が混じるおそれがあり、交通への影響などに注意が必要です。気象庁によりますと、上空の寒気の影響で、11日の関東地方は気温があまり上がらず、日中の最高気温は、東京の都心と横浜市で７度３分、さいたま市で７度９分、前橋市で８度１分、千葉市で８度ちょうどなどと、各地でこの冬いちばんの寒さとなりました。これから12日朝にかけては、関東の南岸を低気圧が進むため広い範囲で雨が降る見込みで、北部では山沿いを中心に雪が降り、ところによって平野部でも雪が積もる見込みです。12日夕方までに降る雪の量は、いずれも多いところで関東北部の山沿いで15センチ、平野部で５センチと予想されています。また、埼玉県の秩父地方や東京の多摩地方など、関東南部の山沿いでも雨に雪が混じるおそれがあります。12日の朝も各地で冷え込み、最低気温は埼玉県秩父市で０度、前橋市で２度、東京の都心と横浜市、さいたま市、宇都宮市で３度と予想されています。気象庁は、積雪や路面の凍結による交通への影響などに注意するよう呼びかけています。
巨人へ移籍の丸が会見「勝利に貢献できるプレーを」,2018年12月11日,プロ野球・広島から、ＦＡ＝フリーエージェント宣言して、巨人への移籍が決まった丸佳浩選手が11日、入団の記者会見に臨み、「チームの勝利に貢献できるプレーをたくさんみせたい」と抱負を語りました。丸選手は、今シーズン、２年連続でセ・リーグのＭＶＰに輝く活躍で広島のリーグ３連覇に貢献し、フリーエージェントを宣言して、巨人への移籍が決まっていました。丸選手は、11日、巨人と５年契約、推定で総額25億5000万円で正式契約を結び、その後、東京都内のホテルで、来シーズンから指揮を執る原辰徳監督とともに入団の記者会見に臨みました。この中で丸選手は、「巨人は常に優勝を目指して戦っているチームで、そういうチームの中で、いいコンディションで試合に出て、しっかり打線をつないでいきたい。チームの勝利に貢献できるプレーをたくさんみせたい」と抱負を語りました。背番号は原監督が現役時代につけた「８」に決まり、「原監督の現役時代のように、ひとりでも多くのファンにガッツあふれるプレーをみせたい」と背番号への思いを話しました。原監督は「入団が正式に決まり、中心選手として丸選手が入ってくれたことで、オーダーを組むのが非常に楽しみになった。本当の意味で、来シーズンのスタートが切れた」と大きな期待を寄せていました。
ラグビー ヤマハ清宮監督 今季限りで退任へ,2018年12月11日,ラグビートップリーグのヤマハ発動機で８シーズン指揮をとってきた清宮克幸監督が、シーズン終了後に退任する意向を明らかにしました。これは、11日、清宮監督が静岡県磐田市の練習グラウンドで報道陣に対して明らかにしました。この中で、清宮監督は「ヤマハ発動機が誇れるクラブになった自負がある。次の人間にチームを託してもいいかなと思ったので、シーズンが始まる前から監督を降りる決意をしていた」と話し、今シーズン限りで退任する意向を示しました。清宮監督は大阪府出身の51歳、プロ野球日本ハムの清宮幸太郎選手の父親です。ラグビーの監督として早稲田大学を大学王者に、トップリーグのサントリーを初優勝に導いたあと、平成23年に当時低迷していたヤマハ発動機のチーム立て直しを託され、監督に就任しました。平成27年には日本選手権で初優勝し、８シーズン目の今シーズンは、トップリーグ初優勝を目標にしていましたが、今月８日に行われた総合順位決定トーナメントの２回戦でサントリーに敗れて優勝を逃し、３位決定戦に回りました。清宮監督は来月までチームの指揮を執るということで、今後については、来月、改めて会見の場を設けて述べたいとしています。
ＡＳＫＡ未発表曲を無断で放送 読売テレビなどに賠償命令,2018年12月11日,歌手のＡＳＫＡさんが、未発表の楽曲をテレビ番組で無断で放送されたと訴えた裁判の判決で、東京地方裁判所は芸能リポーターと読売テレビに対して合わせて110万円余りの賠償を命じました。歌手のＡＳＫＡさんはおととし11月に読売テレビの「情報ライブミヤネ屋」で、みずからが作った未発表の楽曲を無断で放送されたとして、芸能リポーターの井上公造氏と読売テレビに対して3300万円余りの賠償を求めています。この楽曲は2020年の東京オリンピックに向けて作られ、井上氏に感想を聞きたいとして録音データが送られていましたが、ＡＳＫＡさんが警察から捜査を受けているという報道の際に放送されたということです。11日の判決で、東京地方裁判所の沖中康人裁判長は、「放送によって、原告は創作した目的にあった時期に楽曲を公表する機会を失った。捜査の報道に関連して紹介されたことによって、視聴者には創作した目的とは相いれない印象を与えることになった」と指摘して、井上氏と読売テレビに対して、合わせて110万円余りの賠償を命じました。判決について読売テレビは「今回の判決を真摯（しんし）に受け止めております。ＡＳＫＡ氏をはじめ関係者の皆様に、ご迷惑をおかけしたことをおわびします。今後の対応については慎重に検討したいと考えております」とコメントしています。
鳥取 ６市町で最高裁裁判官国民審査の投票用紙を誤って廃棄,2018年12月11日,鳥取県内の６つの市と町の選挙管理委員会が、最高裁判所裁判官の国民審査の投票用紙について、法律で義務づけられた保存期間中にもかかわらず、誤って廃棄していたことがわかりました。衆議院選挙と合わせて行われる最高裁判所裁判官の国民審査では、開票済みの投票用紙を法律で10年間保存することが義務づけられていますが、先月から京都や奈良などの自治体で保存期間が終わる前に廃棄するミスが相次いで明らかになり、鳥取県選挙管理委員会が県内の自治体を調査しました。その結果、鳥取市と倉吉市、八頭町、湯梨浜町、琴浦町、それに南部町で、平成21年から26年にかけて行われた国民審査で開票された、投票用紙合わせておよそ41万枚を保存期間が終わる前に誤って廃棄したことがわかりました。県によりますと、同時に行われた衆議院選挙の投票用紙は当選者の任期終了までが保存期間だったため、多くが国民審査も同じ期間だと誤って解釈していたということです。さらに南部町選挙管理委員会では、国民審査のほかにも、５年前の参議院選挙や３年前の県知事選挙などの投票用紙、合わせて２万4000枚余りを保管場所を変更した際に、誤って廃棄したということです。鳥取県選挙管理委員会は、県内の市町村に対し、投票用紙の保存方法の再点検や再発防止に向けた取り組みを行うよう通知しました。
サッカー男子 年齢制限ない代表「コパアメリカ」へ,2018年12月11日,サッカー日本代表の来年のスケジュールが発表され、招待を受けていた南米王者を決める大会「コパアメリカ」には、男子の年齢制限のない代表が出場することになりました。日本サッカー協会は11日、都内で記者会見を開き、各年代の日本代表の来年の強化方針や試合予定を発表しました。このうち、男子の年齢制限のない代表は、来月開幕するアジアカップに出場したあと、３月と６月に国内で強化試合を２試合ずつ行い、６月から７月にかけてはブラジルで開かれる南米王者を決める大会「コパアメリカ」に招待を受けて出場します。コパアメリカには、当初、東京オリンピック世代となる22歳以下の代表を遠征させることが想定されていましたが、関塚隆技術委員長から年齢制限のない代表の派遣が発表されました。一方、東京オリンピック世代の代表は、３月に23歳以下のアジア選手権の予選に出場し、その後はフランスなどへの海外遠征や強化試合を重ねる方針です。２つの代表で指揮を執る森保一監督は「コパアメリカについては、どういう編成になるか具体的には言えないが、幅広い年代で組むことが考えられる。貴重な強化・経験の場で本気の南米勢を相手に経験値を高めたい。22歳以下の代表は、東京オリンピックで金メダルを取るために準備をする。結果にこだわりつつ、チームの成長を促せるように頑張りたい」と話しました。また、女子の代表「なでしこジャパン」は、６月にフランスで開幕する女子ワールドカップを最大目標に、２月からアメリカで開かれる国際大会に出場し、３月から４月にかけてとワールドカップ直前に海外遠征を計画しています。ワールドカップの組み合わせ抽選会のためフランスにいた高倉麻子監督は「もう１度、ワールドカップを掲げるため、チーム一丸として頑張ってきた。なでしこのサッカーを追求して最高の結果を得たい」と、ビデオメッセージを寄せました。
”東京ドーム２杯分の海水が流入” 台風21号の関空浸水分析,2018年12月11日,ことし９月の台風21号で滑走路などが浸水した関西空港では、５メートルを超える非常に大きな高波が護岸を越え、東京ドーム２杯分にあたるおよそ270万立方メートルの海水が流れ込んでいたと推計されることが専門家による第三者委員会の分析で分かりました。関西空港はことし９月の台風21号で滑走路や貨物施設など広い範囲が浸水し、地下の電源施設にも水が入ったことから一時、全面的に閉鎖されました。専門家による第三者委員会がまとめた最終報告によりますと、関西空港では、潮位が最高で２メートル48センチに達していたことに加え、沖合で５メートルを超える過去に観測されたことのない非常に大きな高波が発生したことで波が護岸を越えたとしています。そして、流れ込んだ水の量はおよそ270万立方メートルと、東京ドーム２杯分にあたると推計されるということです。関西空港では、50年に１度の高波でも波が越えないよう、護岸を高くする対策をとっていました。第三者委員会の委員長で京都大学防災研究所の平石哲也教授は「さまざまな工法を検討して今後の対策を進める必要がある」と話しています。この最終報告を踏まえ、空港を運営する「関西エアポート」は13日、今後の防災対策を発表することにしています。
117年前に米軍が持ち去った鐘 フィリピンに返還,2018年12月11日,117年前、アメリカ軍がフィリピンの教会から持ち去った鐘が、フィリピン側の強い要請を受けて11日、返還され、ぎくしゃくしてきたアメリカとフィリピンの関係改善につながるか注目されます。返還されたのは、フィリピンの独立をめぐってアメリカとの戦争が行われていた1901年に、中部サマール島の教会からアメリカ軍が持ち去った「バランギガの鐘」と呼ばれる青銅製の鐘３つです。11日はフィリピン軍の関係者などおよそ500人が首都マニラ近郊の空軍基地に集まり、アメリカ軍の輸送機で運ばれた鐘が木箱から取り出されると、「フィリピン万歳」などの歓声が上がっていました。つづく式典では、アメリカのソン・キム駐フィリピン大使が「返還によりアメリカはフィリピンとの友情と同盟関係を修復できる」と話すと、ロレンザーナ国防相は「歴史と理想を共有した両国の新たな友情の始まりだ」と応じていました。戦争中、この鐘の音が合図となり行われた奇襲作戦でおよそ50人の米兵が殺害され、これに対する報復としてアメリカ軍は住民2500人以上を殺害するとともに鐘を戦利品として持ち去ったことから、フィリピン政府が長年、返還を求めてきました。特にドゥテルテ大統領は去年の施策方針演説で鐘の返還を求めるなど強い意欲を示していて、ぎくしゃくしてきたアメリカとフィリピンの関係改善につながるか注目されます。
ＪＡＸＡ汚職事件 一部業務の意志決定手続きに改善点,2018年12月11日,ＪＡＸＡ＝宇宙航空研究開発機構に文部科学省から出向していた元理事の汚職事件をめぐり、ＪＡＸＡは11日内部で行った調査結果をまとめ、元理事の関与した業務でＪＡＸＡの規程違反はなかったものの、一部の業務で意志決定の手続きが不明確で今後改善が必要としました。この事件は、文部科学省からＪＡＸＡに出向していた元理事の川端和明被告が、東京の医療コンサルタント会社に便宜をはかった見返りに接待などを受けたとしてことし８月東京地検特捜部に収賄の罪で起訴されたものです。ＪＡＸＡは、事件を受けて、内部に法律の専門家などの検証チームをつくり、特捜部の捜査とは別に、元理事の業務実態の把握と他に不正な事案はないかなどを調べ11日、報告書にまとめました。それによりますと、元理事の業務についてＪＡＸＡの内部規程違反や過度な権限行使は確認できなかったとしました。しかし、おととし東京医科大学の講演会に宇宙飛行士の派遣を決めた案件では、元理事が国会議員からの依頼として優先的に扱ってほしいとの相談を担当部署に行い、その後の審査会で派遣が決定されたということです。これについて報告書では内部の規則や運用で政策に関わる政治家や官庁などからの依頼は、優先案件候補として扱うことを認めていることから不正とは言えないものの、一連の手続きの中で、誰がどういう裁量で判断をしたかが不明確で根拠となる記録もないなどとして、「権限を有する者が特定の案件を有利に扱う余地があり、意志決定の手続きの改善が必要」としました。このほか、元理事以外の国からの出向者などについて調べましたが、不正な事案は認められなかったということです。ＪＡＸＡの山川宏理事長は「規程違反は認められなかったが、業務運営上の課題が把握された。指摘をしんしに受け止め対策を実行したい」と話しています。
英メイ首相 ＥＵからの離脱協定案修正に理解求め各国と会談へ,2018年12月11日,ＥＵ＝ヨーロッパ連合からの離脱協定案の議会での採決について、直前になって延期することを発表したイギリスのメイ首相は、11日、各国の首脳と相次いで会談する予定で、協定案の修正に理解を求めるものとみられます。イギリスのメイ首相は10日午後、日本時間の11日未明、議会下院で緊急の声明を発表し、翌日に予定されていたＥＵからの離脱協定案の議会での採決について、大差で否決される可能性が高いとして、延期することを発表しました。発表から一夜明けて、メイ首相は、オランダのハーグでルッテ首相との会談に臨んでいるほか、このあと、ドイツに移動して、メルケル首相とも会談する予定です。メイ首相としては、13日から開かれるＥＵ首脳会議を前に、北アイルランドとアイルランドの国境管理の取り決めなど議会から批判が出ている協定案の修正について、各国の首脳に理解を求めるものとみられます。しかし、ＥＵのトゥスク大統領はツイッターで「再交渉はしない」と明言しているうえ、仮にＥＵ側から譲歩が得られたとしても議会の支持を取り付けられるかは未知数で、メイ首相にとって厳しい状況が続いています。
巨人 坂本 複数年契約の来季推定５億円で更改,2018年12月11日,プロ野球で今シーズン、入団以来、自己最高の打率をマークした巨人のキャプテン、坂本勇人選手が、変動制の複数年契約を結び、来シーズンについては１億5000万円アップの推定５億円で更改しました。坂本選手は、プロ12年目の今シーズン、左脇腹を痛めた影響で、レギュラーに定着してからもっとも少ない109試合の出場でしたが打率はプロで自己最高の３割４分５厘をマークしました。坂本選手は11日、東京都内の球団事務所で球団との契約交渉に臨み、変動制の複数年契約を結んで来シーズンについては１億5000万円アップの推定５億円で更改しました。坂本選手は交渉後の記者会見で、「個人的なバッティングの成績だけを見ればよかったが、チームが3位だったので悔しいのひとことだ」とシーズンを振り返りました。そして、５年連続でキャプテンを務める来シーズンに向けては、「打率３割３分以上は常に打ちたいと思っているし、チームとしては優勝しかない。何とか優勝して喜びたい」と意気込みました。また、広島からフリーエージェントで移籍してくる丸佳浩選手については、「優勝するためには心強いし、個人的にも刺激を受ける数少ない年下の選手だ。２人で引っ張っていけるようにいい関係性を作りたいし、どういう感じでバッティングをしているのか聞いてみたい」と強力な新メンバーの加入を歓迎していました。
米軍機墜落事故 安倍首相が米大統領にメッセージ,2018年12月11日,高知県沖でアメリカ軍の戦闘攻撃機と空中給油機が接触し海上に墜落した事故を受けて、安倍総理大臣は、アメリカのトランプ大統領に宛てたメッセージを出し、犠牲者に哀悼の意を表するとともに、引き続き日米で緊密に協力し同盟の絆を強固にするとしています。メッセージで安倍総理大臣は、「乗員６人が亡くなったという悲報に接し、犠牲となられた方々、およびご遺族に対し、心からの哀悼の意を表するとともに、負傷された方にお見舞い申し上げる」としています。そして、「日米同盟は、われわれの深い信頼関係のもとかつてなく強固なものとなっている。トランプ大統領と引き続き緊密に連携し、日米同盟の絆を一層強固にするとともに、地域の平和と安定の確保のために、ともに協力していく決意だ」としています。
北京五輪 男子400mリレー 日本は銀に ドーピングで繰り上げ,2018年12月11日,2008年の北京オリンピック陸上男子400メートルリレーで銅メダルを獲得した日本は、ドーピング違反によって金メダルのジャマイカの失格が確定したため、銀メダルに繰り上がりました。これはＪＯＣ＝日本オリンピック委員会がＩＯＣ＝国際オリンピック委員会の決定を受け、11日発表しました。2008年に行われた北京オリンピックの陸上男子400メートルリレーに、日本は塚原直貴選手、末續慎吾選手、高平慎士選手、朝原宣治選手の４人で臨み、オリンピックの男子トラック種目で史上初のメダルとなる銅メダルを獲得しました。金メダルはウサイン・ボルト選手を擁するジャマイカが獲得しましたが、第１走者のネスタ・カーター選手がドーピングの再検査で禁止薬物に陽性反応を示したため、ジャマイカは失格し、金メダル剥奪の処分となりました。カーター選手は処分を不服としてＣＡＳ＝スポーツ仲裁裁判所に訴えを起こしていましたが、ことし５月に棄却され、ＩＯＣから今月７日付けで日本が銅メダルから銀メダルに繰り上がったという通達がありました。銀メダルが授与されるメダルセレモニーは後日行われるということです。また、ウエイトリフティングでも海外選手のドーピング違反によって女子48キロ級で三宅宏実選手が６位から４位に、大城みさき選手が８位から６位に、女子69キロ級では齋藤里香選手が８位から６位にそれぞれ順位が上がりました。日本のメンバーの１人、高平慎士さんは「日本の短距離が世界に向かって挑戦してきた歴史、皆様からの応援・サポートがあってこその結果ですので改めて感謝申し上げます。しかし、このようなすばらしい結果の裏側にはスポーツにおけるルール違反という悲しい現実があり、自分たちが得られる本当の順位で表彰台に立つことができませんでした。アスリートがクリーンで正々堂々と戦っている姿に世界中が感動や希望を抱いている中、それを裏切る行為があったことは決して許されることではありません」とコメントを発表しました。
安倍首相 ガーナの道路改修に65億円の無償資金協力で合意,2018年12月11日,安倍総理大臣は、日本を訪れているアフリカ、ガーナのアクフォアド大統領と11日夜会談し、交通網の整備を支援するため、道路の改修費用として、およそ65億円の無償資金協力を行うことで合意しました。安倍総理大臣は11日夜、ガーナのアクフォアド大統領と初めて会談しました。この中で、アクフォアド大統領は、これまでの日本の支援に感謝し、現地の日本大使館前の道路をガーナで研究中に亡くなった野口英世にちなんで「野口英世博士通り」と今月名付けたことを伝えました。そして、両首脳は、ガーナの交通網の整備を支援するため、国道の改修費用として、およそ65億円の無償資金協力を行うことで合意しました。また、来年８月に日本で開かれるＴＩＣＡＤ＝アフリカ開発会議の成功に向けて協力していくことも確認しました。安倍総理大臣は共同記者発表で、「西アフリカの連結性の向上に向けてインフラ開発などに貢献していく。大統領の日本訪問を契機に両国関係をさらに強化したい」と述べました。
競泳 瀬戸が短水路200Ｍバタフライで世界新,2018年12月11日,中国の杭州で開幕した競泳の世界短水路選手権、男子200メートルバタフライで、瀬戸大也選手が１分48秒24の短水路の世界新記録で優勝しました。
英メイ首相 ＥＵからの離脱協定案修正に理解求め各国と会談,2018年12月11日,ＥＵ＝ヨーロッパ連合からの離脱協定案の議会での採決について、直前になって延期することを発表したイギリスのメイ首相は、11日、各国の首脳と相次いで会談する予定で、協定案の修正に理解を求めるものとみられます。イギリスのメイ首相は10日午後、日本時間の11日未明、議会下院で緊急の声明を発表し、翌日に予定されていたＥＵからの離脱協定案の議会での採決について、大差で否決される可能性が高いとして、延期することを発表しました。11日、メイ首相は、オランダのハーグでルッテ首相と、ドイツのベルリンでメルケル首相と相次いで会談しました。メイ首相としては、13日から開かれるＥＵ首脳会議を前に、北アイルランドとアイルランドの国境管理の取り決めなど議会から批判が出ている協定案の修正について、各国の首脳に理解を求めるものとみられます。しかし、ＥＵのトゥスク大統領はツイッターで「再交渉はしない」と明言しているうえ、仮にＥＵ側から譲歩が得られたとしても議会の支持を取り付けられるかは未知数で、メイ首相にとって厳しい状況が続いています。
